Navn;Stasjon;Tid(norsk normaltid);Nedbør (døgn);Snødybde;Middeltemperatur (døgn);Høyeste middelvind (døgn)
Sviland;SN44800;05.10.2020;14;0;-;-
Sola;SN44560;05.10.2020;9;-;14,1;9,2
Sviland;SN44800;06.10.2020;0;0;-;-
Sola;SN44560;06.10.2020;0;-;14,2;9,9
Sviland;SN44800;07.10.2020;2,5;0;-;-
Sola;SN44560;07.10.2020;0;-;12,4;5
Sviland;SN44800;08.10.2020;15;0;-;-
Sola;SN44560;08.10.2020;4,6;-;11;8,2
Sviland;SN44800;09.10.2020;23,5;0;-;-
Sola;SN44560;09.10.2020;10,8;-;9,1;13,4
Sviland;SN44800;10.10.2020;14;0;-;-
Sola;SN44560;10.10.2020;2,3;-;8,9;6,5
Sviland;SN44800;11.10.2020;0;0;-;-
Sola;SN44560;11.10.2020;0;-;8,8;7,7
Sviland;SN44800;12.10.2020;0;0;-;-
Sola;SN44560;12.10.2020;0,1;-;9,6;7
Sviland;SN44800;13.10.2020;0;0;-;-
Sola;SN44560;13.10.2020;0;-;8,6;7
Sviland;SN44800;14.10.2020;0;0;-;-
Sola;SN44560;14.10.2020;0;-;6,2;4,7
Sviland;SN44800;15.10.2020;0;0;-;-
Sola;SN44560;15.10.2020;0;-;6,6;3,9
Sviland;SN44800;16.10.2020;0;0;-;-
Sola;SN44560;16.10.2020;0;-;7;4,8
Sviland;SN44800;17.10.2020;0,8;0;-;-
Sola;SN44560;17.10.2020;0;-;8;8,8
Sviland;SN44800;18.10.2020;0,1;0;-;-
Sola;SN44560;18.10.2020;0;-;7,1;9,5
Sviland;SN44800;19.10.2020;0;0;-;-
Sola;SN44560;19.10.2020;0;-;5,9;7,5
Sviland;SN44800;20.10.2020;26;0;-;-
Sola;SN44560;20.10.2020;28,2;-;10;8,8
Sviland;SN44800;21.10.2020;22;0;-;-
Sola;SN44560;21.10.2020;9,9;-;12,4;8,3
Sviland;SN44800;22.10.2020;32;0;-;-
Sola;SN44560;22.10.2020;20,9;-;10,9;5,4
Sviland;SN44800;23.10.2020;6,5;0;-;-
Sola;SN44560;23.10.2020;10,1;-;8,8;8
Sviland;SN44800;24.10.2020;11;0;-;-
Sola;SN44560;24.10.2020;1;-;9,7;9,6
Sviland;SN44800;25.10.2020;37;0;-;-
Sola;SN44560;25.10.2020;10,1;-;10,5;12,8
Sviland;SN44800;26.10.2020;3,5;0;-;-
Sola;SN44560;26.10.2020;0,8;-;9,1;6,7
Sviland;SN44800;27.10.2020;2;0;-;-
Sola;SN44560;27.10.2020;5;-;9,1;8,4
Sviland;SN44800;28.10.2020;9;0;-;-
Sola;SN44560;28.10.2020;6,4;-;9,6;12,2
Sviland;SN44800;29.10.2020;20;0;-;-
Sola;SN44560;29.10.2020;3,6;-;8,2;6,5
Sviland;SN44800;30.10.2020;4;0;-;-
Sola;SN44560;30.10.2020;1,1;-;10,2;12
Sviland;SN44800;31.10.2020;3;0;-;-
Sola;SN44560;31.10.2020;0;-;9,2;13,5
Sviland;SN44800;01.11.2020;17,5;0;-;-
Sola;SN44560;01.11.2020;5,2;-;10;16,1
Sviland;SN44800;02.11.2020;39;0;-;-
Sola;SN44560;02.11.2020;10,7;-;10,5;12,6
Sviland;SN44800;03.11.2020;12;0;-;-
Sola;SN44560;03.11.2020;4,6;-;8,5;9,4
Sviland;SN44800;04.11.2020;15;0;-;-
Sola;SN44560;04.11.2020;5,4;-;8;11,4
Sviland;SN44800;05.11.2020;30;0;-;-
Sola;SN44560;05.11.2020;11,5;-;10,9;10,4
Sviland;SN44800;06.11.2020;35;0;-;-
Sola;SN44560;06.11.2020;4,2;-;9,5;7,2
Sviland;SN44800;07.11.2020;2,5;0;-;-
Sola;SN44560;07.11.2020;0;-;8,4;5,1
Sviland;SN44800;08.11.2020;2;0;-;-
Sola;SN44560;08.11.2020;0;-;6,8;3,8
Sviland;SN44800;09.11.2020;0;0;-;-
Sola;SN44560;09.11.2020;0;-;6,1;6,7
Sviland;SN44800;10.11.2020;0,2;0;-;-
Sola;SN44560;10.11.2020;0;-;8,8;6,8
Sviland;SN44800;11.11.2020;0;0;-;-
Sola;SN44560;11.11.2020;0,3;-;9,4;9,7
Sviland;SN44800;12.11.2020;0,2;0;-;-
Sola;SN44560;12.11.2020;0;-;10,2;10,5
Sviland;SN44800;13.11.2020;0;0;-;-
Sola;SN44560;13.11.2020;0;-;9,5;11,4
Sviland;SN44800;14.11.2020;9;0;-;-
Sola;SN44560;14.11.2020;1,6;-;9;6,9
Sviland;SN44800;15.11.2020;20;0;-;-
Sola;SN44560;15.11.2020;9,4;-;11,7;11,7
Sviland;SN44800;16.11.2020;37;0;-;-
Sola;SN44560;16.11.2020;9,2;-;9,1;11,7
Sviland;SN44800;17.11.2020;13;0;-;-
Sola;SN44560;17.11.2020;2,7;-;10,4;8,9
Sviland;SN44800;18.11.2020;28;0;-;-
Sola;SN44560;18.11.2020;1,8;-;11,2;11,5
Sviland;SN44800;19.11.2020;60;0;-;-
Sola;SN44560;19.11.2020;15,3;-;-;17,8
Sviland;SN44800;20.11.2020;25;10;-;-
Sola;SN44560;20.11.2020;15;-;-;-
Sviland;SN44800;21.11.2020;35;0;-;-
Sola;SN44560;21.11.2020;20;-;-;-
Sviland;SN44800;22.11.2020;7;0;-;-
Sola;SN44560;22.11.2020;10;-;-;-
Sviland;SN44800;23.11.2020;12,5;0;-;-
Sola;SN44560;23.11.2020;8;-;-;-
Sviland;SN44800;24.11.2020;30;0;-;-
Sola;SN44560;24.11.2020;16;-;-;-
Sviland;SN44800;25.11.2020;29;0;-;-
Sola;SN44560;25.11.2020;15;-;-;-
Sviland;SN44800;26.11.2020;15;0;-;-
Sola;SN44560;26.11.2020;8;-;-;-
Sviland;SN44800;27.11.2020;0,5;0;-;-
Sola;SN44560;27.11.2020;0;-;-;-
Sviland;SN44800;28.11.2020;0;0;-;-
Sola;SN44560;28.11.2020;0;-;-;-
Sviland;SN44800;29.11.2020;0;0;-;-
Sola;SN44560;29.11.2020;0,4;-;-;-
Sviland;SN44800;30.11.2020;7,5;0;-;-
Sola;SN44560;30.11.2020;5;-;-;-
Sviland;SN44800;01.12.2020;12,5;0;-;-
Sola;SN44560;01.12.2020;15;-;-;-
Sviland;SN44800;02.12.2020;0;0;-;-
Sola;SN44560;02.12.2020;0;-;-;-
Sviland;SN44800;03.12.2020;39;0;-;-
Sola;SN44560;03.12.2020;11,1;-;-;-
Sviland;SN44800;04.12.2020;20;0;-;-
Sviland;SN44800;05.12.2020;0,1;0;-;-
Sola;SN44560;05.12.2020;4;-;-;-
Sviland;SN44800;06.12.2020;5;0;-;-
Sola;SN44560;06.12.2020;5,5;-;-;-
Sviland;SN44800;07.12.2020;9;0;-;-
Sola;SN44560;07.12.2020;8;-;-;-
Sviland;SN44800;08.12.2020;0;0;-;-
Sola;SN44560;08.12.2020;1;-;-;-
Sviland;SN44800;09.12.2020;0;0;-;-
Sola;SN44560;09.12.2020;0;-;6,1;7,4
Sviland;SN44800;10.12.2020;0;0;-;-
Sola;SN44560;10.12.2020;0;-;6,2;7,5
Sviland;SN44800;11.12.2020;0;0;-;-
Sola;SN44560;11.12.2020;0;-;5,5;12,1
Sviland;SN44800;12.12.2020;0;0;-;-
Sola;SN44560;12.12.2020;1;-;4,5;8,6
Sviland;SN44800;13.12.2020;0;0;-;-
Sola;SN44560;13.12.2020;0;-;5,9;8,4
Sviland;SN44800;14.12.2020;1,5;0;-;-
Sola;SN44560;14.12.2020;0,4;-;6,8;14,3
Sviland;SN44800;15.12.2020;8;0;-;-
Sola;SN44560;15.12.2020;2,4;-;8,3;7,7
Sviland;SN44800;16.12.2020;2;0;-;-
Sola;SN44560;16.12.2020;0;-;7,9;6,6
Sviland;SN44800;17.12.2020;9,5;0;-;-
Sola;SN44560;17.12.2020;1,3;-;7,9;10
Sviland;SN44800;18.12.2020;7,5;0;-;-
Sola;SN44560;18.12.2020;1,9;-;8,9;9
Sviland;SN44800;19.12.2020;10,5;0;-;-
Sola;SN44560;19.12.2020;1,6;-;9,7;12,3
Sviland;SN44800;20.12.2020;18;0;-;-
Sola;SN44560;20.12.2020;7,5;-;8;10,6
Sviland;SN44800;21.12.2020;7;0;-;-
Sola;SN44560;21.12.2020;2,9;-;6,7;7,7
Sviland;SN44800;22.12.2020;6;0;-;-
Sola;SN44560;22.12.2020;3;-;7,1;10,1
Sviland;SN44800;23.12.2020;11;0;-;-
Sola;SN44560;23.12.2020;4,6;-;5,3;10
Sviland;SN44800;24.12.2020;1,5;0;-;-
Sola;SN44560;24.12.2020;0;-;2,8;9,5
Sviland;SN44800;25.12.2020;0;0;-;-
Sola;SN44560;25.12.2020;0,1;-;-0,1;7
Sviland;SN44800;26.12.2020;10;0;-;-
Sola;SN44560;26.12.2020;3,5;-;5,1;9,2
Sviland;SN44800;27.12.2020;39;0;-;-
Sola;SN44560;27.12.2020;11,2;-;5,5;13,1
Sviland;SN44800;28.12.2020;21;0;-;-
Sola;SN44560;28.12.2020;9,8;-;4,1;5,2
Sviland;SN44800;29.12.2020;1;0;-;-
Sola;SN44560;29.12.2020;1,2;-;3,5;4,8
Sviland;SN44800;30.12.2020;4,5;0;-;-
Sola;SN44560;30.12.2020;0,6;-;3,6;3,5
Sviland;SN44800;31.12.2020;1,5;0;-;-
Sola;SN44560;31.12.2020;0,1;-;2,1;3,3
Sviland;SN44800;01.01.2021;1,5;0;-;-
Sola;SN44560;01.01.2021;0,3;-;1,5;3,4
Sviland;SN44800;02.01.2021;0;0;-;-
Sola;SN44560;02.01.2021;0,1;-;-0,8;4,7
Sviland;SN44800;03.01.2021;0;0;-;-
Sola;SN44560;03.01.2021;0;-;-0,5;5,4
Sviland;SN44800;04.01.2021;0;0;-;-
Sola;SN44560;04.01.2021;0;-;-4,6;4,4
Sviland;SN44800;05.01.2021;0;0;-;-
Sola;SN44560;05.01.2021;0;-;-4,5;3,2
Sviland;SN44800;06.01.2021;0;0;-;-
Sola;SN44560;06.01.2021;0;-;-5,8;3,8
Sviland;SN44800;07.01.2021;0;0;-;-
Sola;SN44560;07.01.2021;0;-;-5,5;4,7
Sviland;SN44800;08.01.2021;0;0;-;-
Sola;SN44560;08.01.2021;0;-;-4,6;4,9
Sviland;SN44800;09.01.2021;0;0;-;-
Sola;SN44560;09.01.2021;0;-;-0,8;9,4
Sviland;SN44800;10.01.2021;12;7;-;-
Sola;SN44560;10.01.2021;4,6;-;1,2;10,2
Sviland;SN44800;11.01.2021;62;20;-;-
Sola;SN44560;11.01.2021;5,1;-;0,6;6,8
Sviland;SN44800;12.01.2021;3;16;-;-
Sola;SN44560;12.01.2021;0;-;-0,1;13,2
Sviland;SN44800;13.01.2021;7;19;-;-
Sola;SN44560;13.01.2021;5;-;-0,6;15,9
Sviland;SN44800;14.01.2021;0;19;-;-
Sola;SN44560;14.01.2021;0;-;-4,8;3,9
Sviland;SN44800;15.01.2021;0;19;-;-
Sola;SN44560;15.01.2021;0;-;-6;3,5
Sviland;SN44800;16.01.2021;0;19;-;-
Sola;SN44560;16.01.2021;0;-;-1,8;10,5
Sviland;SN44800;17.01.2021;0,1;19;-;-
Sola;SN44560;17.01.2021;0;-;1,6;11,4
Sviland;SN44800;18.01.2021;5;19;-;-
Sola;SN44560;18.01.2021;0,3;-;2,4;8,3
Sviland;SN44800;19.01.2021;3;16;-;-
Sola;SN44560;19.01.2021;6,9;-;2;6,2
Sviland;SN44800;20.01.2021;1;16;-;-
Sola;SN44560;20.01.2021;0,1;-;4,5;10
Sviland;SN44800;21.01.2021;18,5;10;-;-
Sola;SN44560;21.01.2021;5,5;-;5,4;16,1
Sviland;SN44800;22.01.2021;38;0;-;-
Sola;SN44560;22.01.2021;14,9;-;4,4;14,3
Sviland;SN44800;23.01.2021;15;0;-;-
Sola;SN44560;23.01.2021;1,4;-;2,4;11,1
Sviland;SN44800;24.01.2021;1;0;-;-
Sola;SN44560;24.01.2021;0;-;-0,8;4
Sviland;SN44800;25.01.2021;0;0;-;-
Sola;SN44560;25.01.2021;0;-;-3,5;3,9
Sviland;SN44800;26.01.2021;0;0;-;-
Sola;SN44560;26.01.2021;0;-;-2,4;4,3
Sviland;SN44800;27.01.2021;2;5;-;-
Sola;SN44560;27.01.2021;1,5;-;-4,3;4
Sviland;SN44800;28.01.2021;0,5;5;-;-
Sola;SN44560;28.01.2021;0,1;-;-5,8;3,7
Sviland;SN44800;29.01.2021;0;5;-;-
Sola;SN44560;29.01.2021;0;-;-1,5;6,5
Sviland;SN44800;30.01.2021;4;10;-;-
Sola;SN44560;30.01.2021;3,1;-;-2,3;5,1
Sviland;SN44800;31.01.2021;0;10;-;-
Sola;SN44560;31.01.2021;0,1;-;-2,9;3,8
Sviland;SN44800;01.02.2021;3;15;-;-
Sola;SN44560;01.02.2021;1,8;-;-4,3;4,8
Sviland;SN44800;02.02.2021;0;15;-;-
Sola;SN44560;02.02.2021;0;-;-7,2;4
Sviland;SN44800;03.02.2021;0,1;14;-;-
Sola;SN44560;03.02.2021;0;-;-9,1;6,6
Sviland;SN44800;04.02.2021;0;14;-;-
Sola;SN44560;04.02.2021;0;-;-9,8;3
Sviland;SN44800;05.02.2021;0;14;-;-
Sola;SN44560;05.02.2021;0;-;-6,9;7,8
Sviland;SN44800;06.02.2021;0;14;-;-
Sola;SN44560;06.02.2021;0;-;-8,9;6,1
Sviland;SN44800;07.02.2021;0;14;-;-
Sola;SN44560;07.02.2021;0;-;-9,4;6,5
Sviland;SN44800;08.02.2021;0;14;-;-
Sola;SN44560;08.02.2021;0;-;-9;5,1
Sviland;SN44800;09.02.2021;0;14;-;-
Sola;SN44560;09.02.2021;0;-;-7,6;6,4
Sviland;SN44800;10.02.2021;0;14;-;-
Sola;SN44560;10.02.2021;0;-;-8,5;3,3
Sviland;SN44800;11.02.2021;0;13;-;-
Sola;SN44560;11.02.2021;0;-;-7,2;4,8
Sviland;SN44800;12.02.2021;0;13;-;-
Sola;SN44560;12.02.2021;0;-;-8,9;4,3
Sviland;SN44800;13.02.2021;0;12;-;-
Sola;SN44560;13.02.2021;0;-;-6,8;4
Sviland;SN44800;14.02.2021;0;12;-;-
Sola;SN44560;14.02.2021;0;-;1;12,2
Sviland;SN44800;15.02.2021;1;12;-;-
Sola;SN44560;15.02.2021;1;-;2;15
Sviland;SN44800;16.02.2021;0,3;12;-;-
Sola;SN44560;16.02.2021;0;-;2,7;11,2
Sviland;SN44800;17.02.2021;0,5;13;-;-
Sola;SN44560;17.02.2021;0,4;-;3,2;8,5
Sviland;SN44800;18.02.2021;1;14;-;-
Sola;SN44560;18.02.2021;0,5;-;5,8;14
Sviland;SN44800;19.02.2021;12;0;-;-
Sola;SN44560;19.02.2021;4,6;-;5,3;13,9
Sviland;SN44800;20.02.2021;16,5;0;-;-
Sola;SN44560;20.02.2021;4,2;-;7,6;11,5
Sviland;SN44800;21.02.2021;11;0;-;-
Sola;SN44560;21.02.2021;3,3;-;8,3;12,8
Sviland;SN44800;22.02.2021;0;0;-;-
Sola;SN44560;22.02.2021;0;-;8,2;8,1
Sviland;SN44800;23.02.2021;3,5;0;-;-
Sola;SN44560;23.02.2021;1,5;-;6;13,2
Sviland;SN44800;24.02.2021;30;0;-;-
Sola;SN44560;24.02.2021;8,6;-;7,8;13,5
Sviland;SN44800;25.02.2021;38;0;-;-
Sola;SN44560;25.02.2021;3,9;-;7;7,4
Sviland;SN44800;26.02.2021;6;0;-;-
Sola;SN44560;26.02.2021;0,7;-;6,7;9,1
Sviland;SN44800;27.02.2021;4;0;-;-
Sola;SN44560;27.02.2021;3;-;6,2;3,9
Sviland;SN44800;28.02.2021;1;0;-;-
Sola;SN44560;28.02.2021;0;-;5;4,2
Sviland;SN44800;01.03.2021;0,2;0;-;-
Sola;SN44560;01.03.2021;0;-;5,1;3,8
Sviland;SN44800;02.03.2021;0;0;-;-
Sola;SN44560;02.03.2021;0;-;5;4,6
Sviland;SN44800;03.03.2021;0;0;-;-
Sola;SN44560;03.03.2021;0;-;3,7;9
Sviland;SN44800;04.03.2021;0;0;-;-
Sola;SN44560;04.03.2021;0;-;2,8;10,3
Sviland;SN44800;05.03.2021;0;0;-;-
Sola;SN44560;05.03.2021;0;-;2,8;7,6
Sviland;SN44800;06.03.2021;0;0;-;-
Sola;SN44560;06.03.2021;0,8;-;5,3;11,2
Sviland;SN44800;07.03.2021;7;0;-;-
Sola;SN44560;07.03.2021;1,5;-;2,6;13,5
Sviland;SN44800;08.03.2021;0;0;-;-
Sola;SN44560;08.03.2021;0;-;1,1;7,1
Sviland;SN44800;09.03.2021;0;0;-;-
Sola;SN44560;09.03.2021;0;-;0,7;3,6
Sviland;SN44800;10.03.2021;0;0;-;-
Sola;SN44560;10.03.2021;0;-;2,2;18,1
Sviland;SN44800;11.03.2021;32,5;4;-;-
Sola;SN44560;11.03.2021;24;-;5,3;17,1
Sviland;SN44800;12.03.2021;20,5;0;-;-
Sola;SN44560;12.03.2021;11,1;-;4,8;8,4
Sviland;SN44800;13.03.2021;3,2;0;-;-
Sola;SN44560;13.03.2021;0,9;-;4,6;7,1
Sviland;SN44800;14.03.2021;5;0;-;-
Sola;SN44560;14.03.2021;4,3;-;4,9;8
Sviland;SN44800;15.03.2021;18;0;-;-
Sola;SN44560;15.03.2021;6,4;-;4,8;9,5
Sviland;SN44800;16.03.2021;0;0;-;-
Sola;SN44560;16.03.2021;0;-;4;9,6
Sviland;SN44800;17.03.2021;0;0;-;-
Sola;SN44560;17.03.2021;0,6;-;3,8;8,8
Sviland;SN44800;18.03.2021;0,1;0;-;-
Sola;SN44560;18.03.2021;0;-;5;6,8
Sviland;SN44800;19.03.2021;0;0;-;-
Sola;SN44560;19.03.2021;0;-;3,8;9,2
Sviland;SN44800;20.03.2021;0,3;0;-;-
Sola;SN44560;20.03.2021;0;-;5,4;8,2
Sviland;SN44800;21.03.2021;5;0;-;-
Sola;SN44560;21.03.2021;2;-;5,2;14,3
Sviland;SN44800;22.03.2021;1;0;-;-
Sola;SN44560;22.03.2021;0,9;-;6,2;8,4
Sviland;SN44800;23.03.2021;4;0;-;-
Sola;SN44560;23.03.2021;1;-;7,2;7,3
Sviland;SN44800;24.03.2021;2,5;0;-;-
Sola;SN44560;24.03.2021;0,4;-;7,2;8,7
Sviland;SN44800;25.03.2021;1,5;0;-;-
Sola;SN44560;25.03.2021;1,7;-;7,2;8,3
Sviland;SN44800;26.03.2021;0,5;0;-;-
Sola;SN44560;26.03.2021;0,5;-;6,9;13
Sviland;SN44800;27.03.2021;12;0;-;-
Sola;SN44560;27.03.2021;7,5;-;6,2;11
Sviland;SN44800;28.03.2021;0,5;0;-;-
Sola;SN44560;28.03.2021;0;-;6,3;10,1
Sviland;SN44800;29.03.2021;18;0;-;-
Sola;SN44560;29.03.2021;9,2;-;8,6;10,2
Sviland;SN44800;30.03.2021;12;0;-;-
Sola;SN44560;30.03.2021;7,9;-;9,2;8,2
Sviland;SN44800;31.03.2021;0,5;0;-;-
Sola;SN44560;31.03.2021;0,7;-;6,6;9,2
Sviland;SN44800;01.04.2021;0,8;0;-;-
Sola;SN44560;01.04.2021;0;-;4,6;10,9
Sviland;SN44800;02.04.2021;1;0;-;-
Sola;SN44560;02.04.2021;1,1;-;6,4;15,2
Sviland;SN44800;03.04.2021;0;0;-;-
Sola;SN44560;03.04.2021;0;-;5,9;11,2
Sviland;SN44800;04.04.2021;0,5;0;-;-
Sola;SN44560;04.04.2021;0,9;-;5,3;13,2
Sviland;SN44800;05.04.2021;20;5;-;-
Sola;SN44560;05.04.2021;8;-;1,5;19,8
Sviland;SN44800;06.04.2021;5;10;-;-
Sola;SN44560;06.04.2021;6;-;1,8;15,5
Sviland;SN44800;07.04.2021;4,5;5;-;-
Sola;SN44560;07.04.2021;7,2;-;3,6;14,7
Sviland;SN44800;08.04.2021;0,2;5;-;-
Sola;SN44560;08.04.2021;2,5;-;2,9;12,5
Sviland;SN44800;09.04.2021;30;2;-;-
Sola;SN44560;09.04.2021;16;-;3,3;17,1
Sviland;SN44800;10.04.2021;11;5;-;-
Sola;SN44560;10.04.2021;4,7;-;3,6;12,7
Sviland;SN44800;11.04.2021;2;5;-;-
Sola;SN44560;11.04.2021;0,4;-;3,5;5,4
Sviland;SN44800;12.04.2021;0;3;-;-
Sola;SN44560;12.04.2021;0;-;4,7;10
Sviland;SN44800;13.04.2021;0,2;0;-;-
Sola;SN44560;13.04.2021;0,4;-;5,2;12,1
Sviland;SN44800;14.04.2021;0;0;-;-
Sola;SN44560;14.04.2021;0;-;5,7;9,2
Sviland;SN44800;15.04.2021;0;0;-;-
Sola;SN44560;15.04.2021;0,2;-;5,8;7,4
Sviland;SN44800;16.04.2021;0;0;-;-
Sola;SN44560;16.04.2021;0;-;6,2;7,2
Sviland;SN44800;17.04.2021;0;0;-;-
Sola;SN44560;17.04.2021;0;-;7,1;5,2
Sviland;SN44800;18.04.2021;0;0;-;-
Sola;SN44560;18.04.2021;0;-;8,2;6,2
Sviland;SN44800;19.04.2021;0;0;-;-
Sola;SN44560;19.04.2021;0;-;9,4;6,9
Sviland;SN44800;20.04.2021;0;0;-;-
Sola;SN44560;20.04.2021;0;-;8,2;8,2
Sviland;SN44800;21.04.2021;2,5;0;-;-
Sola;SN44560;21.04.2021;2,3;-;5,6;16
Sviland;SN44800;22.04.2021;3,5;0;-;-
Sola;SN44560;22.04.2021;3,1;-;6,1;12,7
Sviland;SN44800;23.04.2021;0,1;0;-;-
Sola;SN44560;23.04.2021;1,9;-;6,4;12,3
Sviland;SN44800;24.04.2021;0;0;-;-
Sola;SN44560;24.04.2021;0;-;5,8;12,3
Sviland;SN44800;25.04.2021;0;0;-;-
Sola;SN44560;25.04.2021;0,5;-;5,3;11,7
Sviland;SN44800;26.04.2021;0;0;-;-
Sola;SN44560;26.04.2021;0;-;6,3;10,1
Sviland;SN44800;27.04.2021;0;0;-;-
Sola;SN44560;27.04.2021;0;-;5,8;6,1
Sviland;SN44800;28.04.2021;1,5;0;-;-
Sola;SN44560;28.04.2021;0;-;6,6;5,4
Sviland;SN44800;29.04.2021;0;0;-;-
Sola;SN44560;29.04.2021;0;-;7,8;6,2
Sviland;SN44800;30.04.2021;0;0;-;-
Sola;SN44560;30.04.2021;0;-;6,8;6,8
Sviland;SN44800;01.05.2021;0;0;-;-
Sola;SN44560;01.05.2021;0;-;6,3;6,2
Sviland;SN44800;02.05.2021;0;0;-;-
Sola;SN44560;02.05.2021;0;-;6;6,9
Sviland;SN44800;03.05.2021;2;0;-;-
Sola;SN44560;03.05.2021;0,1;-;6,5;6
Sviland;SN44800;04.05.2021;2;0;-;-
Sola;SN44560;04.05.2021;0;-;8,2;9,9
Sviland;SN44800;05.05.2021;0;0;-;-
Sola;SN44560;05.05.2021;0;-;9,3;8,5
Sviland;SN44800;06.05.2021;0;0;-;-
Sola;SN44560;06.05.2021;0;-;6,9;6,8
Sviland;SN44800;07.05.2021;3;0;-;-
Sola;SN44560;07.05.2021;0;-;7;6,7
Sviland;SN44800;08.05.2021;0;0;-;-
Sola;SN44560;08.05.2021;0;-;7,8;6,8
Sviland;SN44800;09.05.2021;0;0;-;-
Sola;SN44560;09.05.2021;0;-;10,9;12,4
Sviland;SN44800;10.05.2021;9;0;-;-
Sola;SN44560;10.05.2021;5,3;-;12,5;15,7
Sviland;SN44800;11.05.2021;2,5;0;-;-
Sola;SN44560;11.05.2021;3,8;-;12,7;10,7
Sviland;SN44800;12.05.2021;0;0;-;-
Sola;SN44560;12.05.2021;0;-;10,3;6,4
Sviland;SN44800;13.05.2021;0,1;0;-;-
Sola;SN44560;13.05.2021;0;-;8,3;7,1
Sviland;SN44800;14.05.2021;2,9;0;-;-
Sola;SN44560;14.05.2021;2,7;-;11,4;3,8
Sviland;SN44800;15.05.2021;7,5;0;-;-
Sola;SN44560;15.05.2021;10,5;-;10,3;4,9
Sviland;SN44800;16.05.2021;9;0;-;-
Sola;SN44560;16.05.2021;5,9;-;8,5;3,8
Sviland;SN44800;17.05.2021;0;0;-;-
Sola;SN44560;17.05.2021;0,4;-;10,7;9,2
Sviland;SN44800;18.05.2021;1;0;-;-
Sola;SN44560;18.05.2021;0;-;9,2;8
Sviland;SN44800;19.05.2021;0,5;0;-;-
Sola;SN44560;19.05.2021;0;-;9,3;6
Sviland;SN44800;20.05.2021;1;0;-;-
Sola;SN44560;20.05.2021;0;-;9,2;9,1
Sviland;SN44800;21.05.2021;0;0;-;-
Sola;SN44560;21.05.2021;0,1;-;9,9;7,3
Sviland;SN44800;22.05.2021;0;0;-;-
Sola;SN44560;22.05.2021;0,1;-;10,6;5,7
Sviland;SN44800;23.05.2021;6;0;-;-
Sola;SN44560;23.05.2021;8,1;-;9,7;6,5
Sviland;SN44800;24.05.2021;6,5;0;-;-
Sola;SN44560;24.05.2021;0,8;-;9,7;11,1
Sviland;SN44800;25.05.2021;9,5;0;-;-
Sola;SN44560;25.05.2021;8,5;-;13,2;7,5
Sviland;SN44800;26.05.2021;0,5;0;-;-
Sola;SN44560;26.05.2021;0,9;-;13,7;8,9
Sviland;SN44800;27.05.2021;0;0;-;-
Sola;SN44560;27.05.2021;0;-;12,6;6,4
Sviland;SN44800;28.05.2021;0,1;0;-;-
Sola;SN44560;28.05.2021;0;-;11,6;7,8
Sviland;SN44800;29.05.2021;0;0;-;-
Sola;SN44560;29.05.2021;0;-;10,6;7,2
Sviland;SN44800;30.05.2021;0,1;0;-;-
Sola;SN44560;30.05.2021;0;-;11,2;7,4
Sviland;SN44800;31.05.2021;0,1;0;-;-
Sola;SN44560;31.05.2021;0;-;10,8;6,1
Sviland;SN44800;01.06.2021;0;0;-;-
Sola;SN44560;01.06.2021;0;-;11;6,1
Sviland;SN44800;02.06.2021;0;0;-;-
Sola;SN44560;02.06.2021;0;-;17;8,1
Sviland;SN44800;03.06.2021;0;0;-;-
Sola;SN44560;03.06.2021;0;-;18,8;13,2
Sviland;SN44800;04.06.2021;0;0;-;-
Sola;SN44560;04.06.2021;0,2;-;16,4;7,3
Sviland;SN44800;05.06.2021;0;0;-;-
Sola;SN44560;05.06.2021;0,8;-;16;4,6
Sviland;SN44800;06.06.2021;4;0;-;-
Sola;SN44560;06.06.2021;1;-;14,5;7
Sviland;SN44800;07.06.2021;0,1;0;-;-
Sola;SN44560;07.06.2021;0;-;13,6;7,3
Sviland;SN44800;08.06.2021;0;0;-;-
Sola;SN44560;08.06.2021;0;-;14,8;6,2
Sviland;SN44800;09.06.2021;0;0;-;-
Sola;SN44560;09.06.2021;0;-;15,2;7,3
Sviland;SN44800;10.06.2021;0;0;-;-
Sola;SN44560;10.06.2021;0;-;17,4;8,3
Sviland;SN44800;11.06.2021;0,4;0;-;-
Sola;SN44560;11.06.2021;0;-;15,3;8,5
Sviland;SN44800;12.06.2021;4;0;-;-
Sola;SN44560;12.06.2021;0;-;12,6;11,5
Sviland;SN44800;13.06.2021;1,5;0;-;-
Sola;SN44560;13.06.2021;0;-;13,3;10,1
Sviland;SN44800;14.06.2021;3,8;0;-;-
Sola;SN44560;14.06.2021;0;-;13,2;8,8
Sviland;SN44800;15.06.2021;32;0;-;-
Sola;SN44560;15.06.2021;23,7;-;11,8;10,5
Sviland;SN44800;16.06.2021;0,2;0;-;-
Sola;SN44560;16.06.2021;0;-;14,7;11,8
Sviland;SN44800;17.06.2021;0;0;-;-
Sola;SN44560;17.06.2021;0;-;16,6;8,2
Sviland;SN44800;18.06.2021;10,8;0;-;-
Sola;SN44560;18.06.2021;3,2;-;13,7;9,7
Sviland;SN44800;19.06.2021;12,5;0;-;-
Sola;SN44560;19.06.2021;7,1;-;12,4;7,9
Sviland;SN44800;20.06.2021;8,5;0;-;-
Sola;SN44560;20.06.2021;4,3;-;12,3;8,3
Sviland;SN44800;21.06.2021;15;0;-;-
Sola;SN44560;21.06.2021;9,2;-;12,7;11,3
Sviland;SN44800;22.06.2021;0;0;-;-
Sola;SN44560;22.06.2021;0;-;13;11,3
Sviland;SN44800;23.06.2021;0,5;0;-;-
Sola;SN44560;23.06.2021;0;-;12,4;8,5
Sviland;SN44800;24.06.2021;0;0;-;-
Sola;SN44560;24.06.2021;0;-;13,4;5,7
Sviland;SN44800;25.06.2021;0,1;0;-;-
Sola;SN44560;25.06.2021;0;-;15,4;5,1
Sviland;SN44800;26.06.2021;0;0;-;-
Sola;SN44560;26.06.2021;0;-;13,7;7,9
Sviland;SN44800;27.06.2021;0,1;0;-;-
Sola;SN44560;27.06.2021;0;-;13,3;9,2
Sviland;SN44800;28.06.2021;0;0;-;-
Sola;SN44560;28.06.2021;0;-;12,6;8,5
Sviland;SN44800;29.06.2021;0;0;-;-
Sola;SN44560;29.06.2021;0;-;13,6;9,6
Sviland;SN44800;30.06.2021;0;0;-;-
Sola;SN44560;30.06.2021;0;-;16;8,7
Sviland;SN44800;01.07.2021;0;0;-;-
Sola;SN44560;01.07.2021;0;-;16,9;7,2
Sviland;SN44800;02.07.2021;0,5;0;-;-
Sola;SN44560;02.07.2021;0,1;-;16,6;5,1
Sviland;SN44800;03.07.2021;4;0;-;-
Sola;SN44560;03.07.2021;3,1;-;15,3;5,5
Sviland;SN44800;04.07.2021;4;0;-;-
Sola;SN44560;04.07.2021;2,7;-;17,1;6,3
Sviland;SN44800;05.07.2021;12;0;-;-
Sola;SN44560;05.07.2021;8,2;-;18;8,3
Sviland;SN44800;06.07.2021;22;0;-;-
Sola;SN44560;06.07.2021;17;-;17,1;10,2
Sviland;SN44800;07.07.2021;7;0;-;-
Sola;SN44560;07.07.2021;4,4;-;15,3;10,2
Sviland;SN44800;08.07.2021;22,5;0;-;-
Sola;SN44560;08.07.2021;9,9;-;16,2;7,4
Sviland;SN44800;09.07.2021;31;0;-;-
Sola;SN44560;09.07.2021;5,1;-;15,9;5,5
Sviland;SN44800;10.07.2021;0;0;-;-
Sola;SN44560;10.07.2021;0;-;15,2;7,2
Sviland;SN44800;11.07.2021;0,1;0;-;-
Sola;SN44560;11.07.2021;0;-;16;6,7
Sviland;SN44800;12.07.2021;0;0;-;-
Sola;SN44560;12.07.2021;0;-;17,3;5,1
Sviland;SN44800;13.07.2021;0;0;-;-
Sola;SN44560;13.07.2021;0,2;-;19,3;4,6
Sviland;SN44800;14.07.2021;0,1;0;-;-
Sola;SN44560;14.07.2021;0,2;-;18,6;7,4
Sviland;SN44800;15.07.2021;0;0;-;-
Sola;SN44560;15.07.2021;0;-;16,7;13,3
Sviland;SN44800;16.07.2021;0;0;-;-
Sola;SN44560;16.07.2021;0;-;16,5;11
Sviland;SN44800;17.07.2021;0;0;-;-
Sola;SN44560;17.07.2021;0;-;16,5;6,9
Sviland;SN44800;18.07.2021;1,5;0;-;-
Sola;SN44560;18.07.2021;0,1;-;14,1;10,9
Sviland;SN44800;19.07.2021;2;0;-;-
Sola;SN44560;19.07.2021;0,3;-;14,2;9,3
Sviland;SN44800;20.07.2021;1;0;-;-
Sola;SN44560;20.07.2021;0,8;-;14,4;10,5
Sviland;SN44800;21.07.2021;2,5;0;-;-
Sola;SN44560;21.07.2021;0,9;-;14,6;8,1
Sviland;SN44800;22.07.2021;0;0;-;-
Sola;SN44560;22.07.2021;0;-;14,4;9,6
Sviland;SN44800;23.07.2021;0;0;-;-
Sola;SN44560;23.07.2021;0;-;14,9;8
Sviland;SN44800;24.07.2021;0;0;-;-
Sola;SN44560;24.07.2021;0;-;17;5,2
Sviland;SN44800;25.07.2021;0;0;-;-
Sola;SN44560;25.07.2021;0;-;20,2;5,7
Sviland;SN44800;26.07.2021;0;0;-;-
Sola;SN44560;26.07.2021;0,8;-;19,8;7
Sviland;SN44800;27.07.2021;4;0;-;-
Sola;SN44560;27.07.2021;24;-;18,3;4,6
Sviland;SN44800;28.07.2021;30,5;0;-;-
Sola;SN44560;28.07.2021;9,2;-;17,8;6,2
Sviland;SN44800;29.07.2021;9,5;0;-;-
Sola;SN44560;29.07.2021;10,6;-;16,9;5,5
Sviland;SN44800;30.07.2021;5;0;-;-
Sola;SN44560;30.07.2021;2,3;-;16,6;8,2
Sviland;SN44800;31.07.2021;1,3;0;-;-
Sola;SN44560;31.07.2021;0,1;-;14,8;10,8
Sviland;SN44800;01.08.2021;0,2;0;-;-
Sola;SN44560;01.08.2021;0;-;14,7;10,2
Sviland;SN44800;02.08.2021;0;0;-;-
Sola;SN44560;02.08.2021;0,1;-;13,4;10,7
Sviland;SN44800;03.08.2021;0;0;-;-
Sola;SN44560;03.08.2021;0;-;13,5;8,8
Sviland;SN44800;04.08.2021;0;0;-;-
Sola;SN44560;04.08.2021;0,1;-;13,7;5,8
Sviland;SN44800;05.08.2021;0;0;-;-
Sola;SN44560;05.08.2021;0;-;16;7,8
Sviland;SN44800;06.08.2021;1;0;-;-
Sola;SN44560;06.08.2021;0,8;-;19,5;9,1
Sviland;SN44800;07.08.2021;0;0;-;-
Sola;SN44560;07.08.2021;0,1;-;17,6;10,2
Sviland;SN44800;08.08.2021;0,1;0;-;-
Sola;SN44560;08.08.2021;0,6;-;16;5,6
Sviland;SN44800;09.08.2021;8;0;-;-
Sola;SN44560;09.08.2021;16;-;16,8;7,6
Sviland;SN44800;10.08.2021;10,2;0;-;-
Sola;SN44560;10.08.2021;4,1;-;16,1;6,9
Sviland;SN44800;11.08.2021;2,5;0;-;-
Sola;SN44560;11.08.2021;1,1;-;15,8;5,6
Sviland;SN44800;12.08.2021;0;0;-;-
Sola;SN44560;12.08.2021;0;-;16,7;7,8
Sviland;SN44800;13.08.2021;4;0;-;-
Sola;SN44560;13.08.2021;0,4;-;14,6;8,8
Sviland;SN44800;14.08.2021;30;0;-;-
Sola;SN44560;14.08.2021;29,7;-;14,7;9,6
Sviland;SN44800;15.08.2021;22,5;0;-;-
Sola;SN44560;15.08.2021;9,6;-;14;8
Sviland;SN44800;16.08.2021;6,8;0;-;-
Sola;SN44560;16.08.2021;5,4;-;15,4;9,2
Sviland;SN44800;17.08.2021;0;0;-;-
Sola;SN44560;17.08.2021;0;-;15,4;9,2
Sviland;SN44800;18.08.2021;0;0;-;-
Sola;SN44560;18.08.2021;0,1;-;13,9;8,9
Sviland;SN44800;19.08.2021;2;0;-;-
Sola;SN44560;19.08.2021;1;-;14,4;10,4
Sviland;SN44800;20.08.2021;0,5;0;-;-
Sola;SN44560;20.08.2021;0;-;14;8,3
Sviland;SN44800;21.08.2021;0;0;-;-
Sola;SN44560;21.08.2021;0;-;13,3;7
Sviland;SN44800;22.08.2021;0;0;-;-
Sola;SN44560;22.08.2021;0;-;13,7;5
Sviland;SN44800;23.08.2021;0,1;0;-;-
Sola;SN44560;23.08.2021;0;-;14,5;8,7
Sviland;SN44800;24.08.2021;0;0;-;-
Sola;SN44560;24.08.2021;0;-;14,6;9
Sviland;SN44800;25.08.2021;5;0;-;-
Sola;SN44560;25.08.2021;0,7;-;15,2;14,1
Sviland;SN44800;26.08.2021;0,5;0;-;-
Sola;SN44560;26.08.2021;0;-;16,8;8,2
Sviland;SN44800;27.08.2021;0;0;-;-
Sola;SN44560;27.08.2021;0;-;16,2;6,9
Sviland;SN44800;28.08.2021;0;0;-;-
Sola;SN44560;28.08.2021;0;-;15,4;6,8
Sviland;SN44800;29.08.2021;0;0;-;-
Sola;SN44560;29.08.2021;0;-;15,4;7
Sviland;SN44800;30.08.2021;0;0;-;-
Sola;SN44560;30.08.2021;0;-;14,1;7,9
Sviland;SN44800;31.08.2021;0,1;0;-;-
Sola;SN44560;31.08.2021;0;-;14,4;9,1
Sviland;SN44800;01.09.2021;0,1;0;-;-
Sola;SN44560;01.09.2021;0,1;-;14,7;10,9
Sviland;SN44800;02.09.2021;0,1;0;-;-
Sola;SN44560;02.09.2021;0;-;14,1;10,6
Sviland;SN44800;03.09.2021;0;0;-;-
Sola;SN44560;03.09.2021;0;-;13,5;10,2
Sviland;SN44800;04.09.2021;0;0;-;-
Sola;SN44560;04.09.2021;0,1;-;13,1;7,8
Sviland;SN44800;05.09.2021;0;0;-;-
Sola;SN44560;05.09.2021;0;-;14,8;6,3
Sviland;SN44800;06.09.2021;0,3;0;-;-
Sola;SN44560;06.09.2021;0;-;14,8;3,7
Sviland;SN44800;07.09.2021;0,1;0;-;-
Sola;SN44560;07.09.2021;0,2;-;16,1;5,2
Sviland;SN44800;08.09.2021;0,5;0;-;-
Sola;SN44560;08.09.2021;0;-;17,3;5
Sviland;SN44800;09.09.2021;0;0;-;-
Sola;SN44560;09.09.2021;0,1;-;17,2;4,1
Sviland;SN44800;10.09.2021;0;0;-;-
Sola;SN44560;10.09.2021;0;-;18,6;7
Sviland;SN44800;11.09.2021;6;0;-;-
Sola;SN44560;11.09.2021;0,6;-;16,4;6,5
Sviland;SN44800;12.09.2021;15;0;-;-
Sola;SN44560;12.09.2021;2,4;-;13,9;11,3
Sviland;SN44800;13.09.2021;3;0;-;-
Sola;SN44560;13.09.2021;0;-;12,9;9,5
Sviland;SN44800;14.09.2021;0,1;0;-;-
Sola;SN44560;14.09.2021;0;-;12,3;6,8
Sviland;SN44800;15.09.2021;0;0;-;-
Sola;SN44560;15.09.2021;0;-;14,3;4,2
Sviland;SN44800;16.09.2021;2;0;-;-
Sola;SN44560;16.09.2021;4,1;-;14,1;3,8
Sviland;SN44800;17.09.2021;0,1;0;-;-
Sola;SN44560;17.09.2021;0,3;-;12,7;6,1
Sviland;SN44800;18.09.2021;0;0;-;-
Sola;SN44560;18.09.2021;0;-;14,2;8,5
Sviland;SN44800;19.09.2021;0;0;-;-
Sola;SN44560;19.09.2021;0;-;13,3;9,6
Sviland;SN44800;20.09.2021;0,1;0;-;-
Sola;SN44560;20.09.2021;0,1;-;12,5;8
Sviland;SN44800;21.09.2021;4,5;0;-;-
Sola;SN44560;21.09.2021;3;-;13,7;10,1
Sviland;SN44800;22.09.2021;3;0;-;-
Sola;SN44560;22.09.2021;0;-;14,4;7,3
Sviland;SN44800;23.09.2021;24;0;-;-
Sola;SN44560;23.09.2021;17,8;-;11,6;17,8
Sviland;SN44800;24.09.2021;15;0;-;-
Sola;SN44560;24.09.2021;8;-;12,2;11,5
Sviland;SN44800;25.09.2021;5;0;-;-
Sola;SN44560;25.09.2021;3;-;12,8;10,3
Sviland;SN44800;26.09.2021;0;0;-;-
Sola;SN44560;26.09.2021;0;-;15;9,2
Sviland;SN44800;27.09.2021;0;0;-;-
Sola;SN44560;27.09.2021;0;-;17;12,3
Sviland;SN44800;28.09.2021;13,2;0;-;-
Sola;SN44560;28.09.2021;7,5;-;13,2;12,8
Sviland;SN44800;29.09.2021;0;0;-;-
Sola;SN44560;29.09.2021;0,6;-;15,1;12,1
Sviland;SN44800;30.09.2021;0;0;-;-
Sola;SN44560;30.09.2021;0,8;-;11,3;4,4
Sviland;SN44800;01.10.2021;7;0;-;-
Sola;SN44560;01.10.2021;5,9;-;12,6;11,9
Sviland;SN44800;02.10.2021;13,2;0;-;-
Sola;SN44560;02.10.2021;15,7;-;11,8;9,1
Sviland;SN44800;03.10.2021;13;0;-;-
Sola;SN44560;03.10.2021;4,1;-;13,5;14,5
Sviland;SN44800;04.10.2021;8,5;0;-;-
Sola;SN44560;04.10.2021;4,5;-;12,9;11,7
Sviland;SN44800;05.10.2021;23,5;0;-;-
Sola;SN44560;05.10.2021;4,7;-;12,9;8,2
Sviland;SN44800;06.10.2021;3;0;-;-
Sola;SN44560;06.10.2021;3,2;-;11;4,5
Sviland;SN44800;07.10.2021;0,2;0;-;-
Sola;SN44560;07.10.2021;0;-;12,9;8,7
Sviland;SN44800;08.10.2021;4;0;-;-
Sola;SN44560;08.10.2021;6,2;-;14,4;10,2
Sviland;SN44800;09.10.2021;9;0;-;-
Sola;SN44560;09.10.2021;7,8;-;13,9;8,9
Sviland;SN44800;10.10.2021;1,5;0;-;-
Sola;SN44560;10.10.2021;2,6;-;12,5;10
Sviland;SN44800;11.10.2021;16,5;0;-;-
Sola;SN44560;11.10.2021;9,7;-;8,8;13,4
Sviland;SN44800;12.10.2021;13;0;-;-
Sola;SN44560;12.10.2021;7,9;-;7,3;7,6
Sviland;SN44800;13.10.2021;0;0;-;-
Sola;SN44560;13.10.2021;0;-;8,1;8,3
Sviland;SN44800;14.10.2021;7;0;-;-
Sola;SN44560;14.10.2021;5,3;-;11,8;10,3
Sviland;SN44800;15.10.2021;23;0;-;-
Sola;SN44560;15.10.2021;4,9;-;9,4;14,3
Sviland;SN44800;16.10.2021;6;0;-;-
Sola;SN44560;16.10.2021;2,9;-;9,5;12,7
Sviland;SN44800;17.10.2021;5,5;0;-;-
Sola;SN44560;17.10.2021;2,4;-;6;4,7
Sviland;SN44800;18.10.2021;0;0;-;-
Sola;SN44560;18.10.2021;0;-;6,5;6,9
Sviland;SN44800;19.10.2021;4;0;-;-
Sola;SN44560;19.10.2021;3,1;-;11,7;10
Sviland;SN44800;20.10.2021;5;0;-;-
Sola;SN44560;20.10.2021;2;-;11,9;8,8
Sviland;SN44800;21.10.2021;13,5;0;-;-
Sola;SN44560;21.10.2021;3,6;-;6,8;15,9
Sviland;SN44800;22.10.2021;8;0;-;-
Sola;SN44560;22.10.2021;12,6;-;6,6;14,8
Sviland;SN44800;23.10.2021;7;0;-;-
Sola;SN44560;23.10.2021;5,1;-;7,8;15,9
Sviland;SN44800;24.10.2021;1;0;-;-
Sola;SN44560;24.10.2021;0,3;-;11;9,6
Sviland;SN44800;25.10.2021;16;0;-;-
Sola;SN44560;25.10.2021;11,3;-;11;9,4
Sviland;SN44800;26.10.2021;22;0;-;-
Sola;SN44560;26.10.2021;5,7;-;9,2;6,9
Sviland;SN44800;27.10.2021;40;0;-;-
Sola;SN44560;27.10.2021;27,8;-;12,5;10
Sviland;SN44800;28.10.2021;31;0;-;-
Sola;SN44560;28.10.2021;17,8;-;12,4;11
Sviland;SN44800;29.10.2021;31;0;-;-
Sola;SN44560;29.10.2021;7;-;13,4;11
Sviland;SN44800;30.10.2021;5;0;-;-
Sola;SN44560;30.10.2021;2;-;11,7;14
Sviland;SN44800;31.10.2021;11;0;-;-
Sola;SN44560;31.10.2021;9;-;11;13,2
Sviland;SN44800;01.11.2021;13,5;0;-;-
Sola;SN44560;01.11.2021;9,7;-;10,7;12,9
Sviland;SN44800;02.11.2021;14;0;-;-
Sola;SN44560;02.11.2021;9,6;-;8,8;11,8
Sviland;SN44800;03.11.2021;10;0;-;-
Sola;SN44560;03.11.2021;2,5;-;7,7;4,7
Sviland;SN44800;04.11.2021;0,5;0;-;-
Sola;SN44560;04.11.2021;0;-;6,9;3,9
Sviland;SN44800;05.11.2021;0,8;0;-;-
Sola;SN44560;05.11.2021;1,3;-;8,1;11,2
Sviland;SN44800;06.11.2021;22;0;-;-
Sola;SN44560;06.11.2021;14,7;-;9,5;11
Sviland;SN44800;07.11.2021;35,5;0;-;-
Sola;SN44560;07.11.2021;26,8;-;9;11,2
Sviland;SN44800;08.11.2021;4,5;0;-;-
Sola;SN44560;08.11.2021;3;-;7,5;8,4
Sviland;SN44800;09.11.2021;15,5;0;-;-
Sola;SN44560;09.11.2021;15,5;-;10,1;12,3
Sviland;SN44800;10.11.2021;9;0;-;-
Sola;SN44560;10.11.2021;4;-;8,5;7,7
Sviland;SN44800;11.11.2021;4;0;-;-
Sola;SN44560;11.11.2021;2,8;-;8,2;12,1
Sviland;SN44800;12.11.2021;4;0;-;-
Sola;SN44560;12.11.2021;2,6;-;8,2;9,9
Sviland;SN44800;13.11.2021;0,1;0;-;-
Sola;SN44560;13.11.2021;0,1;-;8,4;8,7
Sviland;SN44800;14.11.2021;0;0;-;-
Sola;SN44560;14.11.2021;0;-;4,8;8,3
Sviland;SN44800;15.11.2021;0;0;-;-
Sola;SN44560;15.11.2021;0;-;8,7;9,1
Sviland;SN44800;16.11.2021;1,8;0;-;-
Sola;SN44560;16.11.2021;2,4;-;9,3;9,6
Sviland;SN44800;17.11.2021;28;0;-;-
Sola;SN44560;17.11.2021;19,5;-;8;9,8
Sviland;SN44800;18.11.2021;7,2;0;-;-
Sola;SN44560;18.11.2021;6,9;-;9,5;8,7
Sviland;SN44800;19.11.2021;28,5;0;-;-
Sola;SN44560;19.11.2021;8,5;-;10,7;11,6
Sviland;SN44800;20.11.2021;7,5;0;-;-
Sola;SN44560;20.11.2021;4;-;7,1;8,3
Sviland;SN44800;21.11.2021;13;0;-;-
Sola;SN44560;21.11.2021;2,2;-;4,8;9,7
Sviland;SN44800;22.11.2021;0;0;-;-
Sola;SN44560;22.11.2021;0,2;-;5,5;12,7
Sviland;SN44800;23.11.2021;9;0;-;-
Sola;SN44560;23.11.2021;5,2;-;8,4;9,9
Sviland;SN44800;24.11.2021;12;0;-;-
Sola;SN44560;24.11.2021;4,1;-;8,5;8,8
Sviland;SN44800;25.11.2021;14;0;-;-
Sola;SN44560;25.11.2021;7,6;-;3,9;12,3
Sviland;SN44800;26.11.2021;1,5;1;-;-
Sola;SN44560;26.11.2021;0,5;-;3,6;11,3
Sviland;SN44800;27.11.2021;0;0;-;-
Sola;SN44560;27.11.2021;0;-;2,2;9,7
Sviland;SN44800;28.11.2021;0,1;0;-;-
Sola;SN44560;28.11.2021;0,2;-;-2,5;4,6
Sviland;SN44800;29.11.2021;0;0;-;-
Sola;SN44560;29.11.2021;0;-;-1,5;8,6
Sviland;SN44800;30.11.2021;8,5;5;-;-
Sola;SN44560;30.11.2021;0,6;-;3;21,9
Sviland;SN44800;01.12.2021;0;3;-;-
Sola;SN44560;01.12.2021;0,5;-;0,4;5,9
Sviland;SN44800;02.12.2021;0;3;-;-
Sola;SN44560;02.12.2021;0;-;-0,5;8,4
Sviland;SN44800;03.12.2021;6;15;-;-
Sola;SN44560;03.12.2021;3,1;-;0,5;7,9
Sviland;SN44800;04.12.2021;4;16;-;-
Sola;SN44560;04.12.2021;4,6;-;1,6;9,5
Sviland;SN44800;05.12.2021;0;16;-;-
Sola;SN44560;05.12.2021;0,3;-;-2,4;8,1
Sviland;SN44800;06.12.2021;0;16;-;-
Sola;SN44560;06.12.2021;0;-;-0,4;13,5
Sviland;SN44800;07.12.2021;0;16;-;-
Sola;SN44560;07.12.2021;0;-;2,7;14,3
Sviland;SN44800;08.12.2021;0;16;-;-
Sola;SN44560;08.12.2021;0;-;3,7;14,4
Sviland;SN44800;09.12.2021;0;16;-;-
Sola;SN44560;09.12.2021;0;-;4,1;13,3
Sviland;SN44800;10.12.2021;0;16;-;-
Sola;SN44560;10.12.2021;0;-;3,2;11,4
Sviland;SN44800;11.12.2021;0;16;-;-
Sola;SN44560;11.12.2021;0;-;0,2;5,4
Sviland;SN44800;12.12.2021;2;0;-;-
Sola;SN44560;12.12.2021;0,9;-;4,9;9,3
Sviland;SN44800;13.12.2021;0;0;-;-
Sola;SN44560;13.12.2021;0;-;6,5;9,5
Sviland;SN44800;14.12.2021;3,5;0;-;-
Sola;SN44560;14.12.2021;2,6;-;6,5;8,3
Sviland;SN44800;15.12.2021;30;0;-;-
Sola;SN44560;15.12.2021;8,5;-;8,8;6,9
Sviland;SN44800;16.12.2021;8;0;-;-
Sola;SN44560;16.12.2021;3,1;-;7,4;7,3
Sviland;SN44800;17.12.2021;4,5;0;-;-
Sola;SN44560;17.12.2021;2,2;-;7,9;5,3
Sviland;SN44800;18.12.2021;2;0;-;-
Sola;SN44560;18.12.2021;1,4;-;8,3;9
Sviland;SN44800;19.12.2021;0;0;-;-
Sola;SN44560;19.12.2021;1;-;4,9;12,8
Sviland;SN44800;20.12.2021;4;0;-;-
Sola;SN44560;20.12.2021;0;-;-2,6;4,1
Sviland;SN44800;21.12.2021;0;0;-;-
Sola;SN44560;21.12.2021;0;-;0,1;4,5
Sviland;SN44800;22.12.2021;0,5;0;-;-
Sola;SN44560;22.12.2021;0,9;-;2,5;4,9
Sviland;SN44800;23.12.2021;0,8;0;-;-
Sola;SN44560;23.12.2021;0,2;-;2,3;6,1
Sviland;SN44800;24.12.2021;1,8;1;-;-
Sola;SN44560;24.12.2021;0,9;-;-3,3;8,5
Sviland;SN44800;25.12.2021;0,5;2;-;-
Sola;SN44560;25.12.2021;0;-;-6;2,6
Sviland;SN44800;26.12.2021;0;2;-;-
Sola;SN44560;26.12.2021;0;-;-5,5;2,5
Sviland;SN44800;27.12.2021;0;1;-;-
Sola;SN44560;27.12.2021;0;-;0,4;10,6
Sviland;SN44800;28.12.2021;0,2;1;-;-
Sola;SN44560;28.12.2021;0;-;2;7,4
Sviland;SN44800;29.12.2021;0;0;-;-
Sola;SN44560;29.12.2021;0,5;-;2,8;8,2
Sviland;SN44800;30.12.2021;6;0;-;-
Sola;SN44560;30.12.2021;0,6;-;7,2;14,3
Sviland;SN44800;31.12.2021;16;0;-;-
Sola;SN44560;31.12.2021;4,8;-;6,3;5,4
Sviland;SN44800;01.01.2022;1;0;-;-
Sola;SN44560;01.01.2022;0,2;-;-;11,6
Sviland;SN44800;02.01.2022;3;0;-;-
Sola;SN44560;02.01.2022;1,7;-;7,6;9,3
Sviland;SN44800;03.01.2022;8;0;-;-
Sola;SN44560;03.01.2022;1,9;-;5,7;11,3
Sviland;SN44800;04.01.2022;14;2;-;-
Sola;SN44560;04.01.2022;2,6;-;3,9;12,7
Sviland;SN44800;05.01.2022;6;2;-;-
Sola;SN44560;05.01.2022;1,3;-;2,8;12,5
Sviland;SN44800;06.01.2022;0;1;-;-
Sola;SN44560;06.01.2022;0;-;0;8,1
Sviland;SN44800;07.01.2022;3;0;-;-
Sola;SN44560;07.01.2022;0,9;-;3,2;10,2
Sviland;SN44800;08.01.2022;9;2;-;-
Sola;SN44560;08.01.2022;5,8;-;2,1;7,3
Sviland;SN44800;09.01.2022;0;2;-;-
Sola;SN44560;09.01.2022;0,3;-;3,9;9,6
Sviland;SN44800;10.01.2022;0;2;-;-
Sola;SN44560;10.01.2022;0;-;4,2;13,4
Sviland;SN44800;11.01.2022;2,5;0;-;-
Sola;SN44560;11.01.2022;2,7;-;4,9;13,6
Sviland;SN44800;12.01.2022;10;0;-;-
Sola;SN44560;12.01.2022;8,1;-;6,6;7,4
Sviland;SN44800;13.01.2022;10;0;-;-
Sola;SN44560;13.01.2022;1,1;-;7,5;9,3
Sviland;SN44800;14.01.2022;12;0;-;-
Sola;SN44560;14.01.2022;1,3;-;4,7;13,5
Sviland;SN44800;15.01.2022;0;0;-;-
Sola;SN44560;15.01.2022;0;-;2,9;6,8
Sviland;SN44800;16.01.2022;10;0;-;-
Sola;SN44560;16.01.2022;1,8;-;5,7;12,2
Sviland;SN44800;17.01.2022;8;0;-;-
Sola;SN44560;17.01.2022;4,9;-;3,7;15,9
Sviland;SN44800;18.01.2022;5;0;-;-
Sola;SN44560;18.01.2022;0,2;-;5,9;5,5
Sviland;SN44800;19.01.2022;6;0;-;-
Sola;SN44560;19.01.2022;1,3;-;4,4;17,8
Sviland;SN44800;20.01.2022;18;0;-;-
Sola;SN44560;20.01.2022;6,6;-;0,7;18,8
Sviland;SN44800;21.01.2022;1,5;0;-;-
Sola;SN44560;21.01.2022;0,6;-;5,4;8,8
Sviland;SN44800;22.01.2022;6,2;0;-;-
Sola;SN44560;22.01.2022;0,5;-;6,9;7
Sviland;SN44800;23.01.2022;8,8;0;-;-
Sola;SN44560;23.01.2022;1,5;-;6,9;6,2
Sviland;SN44800;24.01.2022;2;0;-;-
Sola;SN44560;24.01.2022;0;-;6,5;7,4
Sviland;SN44800;25.01.2022;5,5;0;-;-
Sola;SN44560;25.01.2022;0,2;-;4,8;6,2
Sviland;SN44800;26.01.2022;11;0;-;-
Sola;SN44560;26.01.2022;3,3;-;6,7;11,7
Sviland;SN44800;27.01.2022;21;0;-;-
Sola;SN44560;27.01.2022;8,4;-;6,1;20,3
Sviland;SN44800;28.01.2022;2,5;0;-;-
Sola;SN44560;28.01.2022;1,1;-;4,5;15,1
Sviland;SN44800;29.01.2022;69;0;-;-
Sola;SN44560;29.01.2022;32,1;-;7,3;24,2
Sviland;SN44800;30.01.2022;15;0;-;-
Sola;SN44560;30.01.2022;4,4;-;3,8;26,5
Sviland;SN44800;31.01.2022;0;0;-;-
Sola;SN44560;31.01.2022;0;-;1,7;12
Sviland;SN44800;01.02.2022;5;5;-;-
Sola;SN44560;01.02.2022;8,3;-;4,7;15,3
Sviland;SN44800;02.02.2022;13,5;2;-;-
Sola;SN44560;02.02.2022;6,8;-;3,5;17,3
Sviland;SN44800;03.02.2022;4;0;-;-
Sola;SN44560;03.02.2022;1,2;-;5,9;8,4
Sviland;SN44800;04.02.2022;19;0;-;-
Sola;SN44560;04.02.2022;10,1;-;4,5;12,4
Sviland;SN44800;05.02.2022;14,2;5;-;-
Sola;SN44560;05.02.2022;3,5;-;4,7;13,5
Sviland;SN44800;06.02.2022;31;7;-;-
Sola;SN44560;06.02.2022;6,4;-;3;14,7
Sviland;SN44800;07.02.2022;10;10;-;-
Sola;SN44560;07.02.2022;3,8;-;4,5;16,8
Sviland;SN44800;08.02.2022;21,5;3;-;-
Sola;SN44560;08.02.2022;8,5;-;6,5;13,2
Sviland;SN44800;09.02.2022;6;0;-;-
Sola;SN44560;09.02.2022;1,4;-;5,7;13,7
Sviland;SN44800;10.02.2022;5;1;-;-
Sola;SN44560;10.02.2022;2,4;-;3,8;13,3
Sviland;SN44800;11.02.2022;6;5;-;-
Sola;SN44560;11.02.2022;1,1;-;2,7;10,3
Sviland;SN44800;12.02.2022;6;0;-;-
Sola;SN44560;12.02.2022;0,6;-;5,5;10,8
Sviland;SN44800;13.02.2022;42,5;0;-;-
Sola;SN44560;13.02.2022;19,3;-;6,7;10,1
Sviland;SN44800;14.02.2022;10;0;-;-
Sola;SN44560;14.02.2022;12,6;-;4,7;8,1
Sviland;SN44800;15.02.2022;17;0;-;-
Sola;SN44560;15.02.2022;12,9;-;4,7;8,8
Sviland;SN44800;16.02.2022;12;0;-;-
Sola;SN44560;16.02.2022;6,7;-;4,2;8,9
Sviland;SN44800;17.02.2022;2,5;3;-;-
Sola;SN44560;17.02.2022;1,7;-;3,5;9,8
Sviland;SN44800;18.02.2022;5;0;-;-
Sola;SN44560;18.02.2022;2,6;-;3,9;12,4
Sviland;SN44800;19.02.2022;4,5;0;-;-
Sola;SN44560;19.02.2022;0;-;1;8
Sviland;SN44800;20.02.2022;6;5;-;-
Sola;SN44560;20.02.2022;5,2;-;1,5;15,8
Sviland;SN44800;21.02.2022;15;3;-;-
Sola;SN44560;21.02.2022;8,9;-;4,5;14,2
Sviland;SN44800;22.02.2022;1,5;0;-;-
Sola;SN44560;22.02.2022;0;-;2,2;12,4
Sviland;SN44800;23.02.2022;3;0;-;-
Sola;SN44560;23.02.2022;3,2;-;5,7;13,2
Sviland;SN44800;24.02.2022;10;2;-;-
Sola;SN44560;24.02.2022;3,5;-;4,6;13,1
Sviland;SN44800;25.02.2022;14,5;8;-;-
Sola;SN44560;25.02.2022;1,7;-;4,2;13,5
Sviland;SN44800;26.02.2022;0;3;-;-
Sola;SN44560;26.02.2022;0,7;-;4,2;10,3
Sviland;SN44800;27.02.2022;0;1;-;-
Sola;SN44560;27.02.2022;0;-;5,6;10,8
Sviland;SN44800;28.02.2022;0;1;-;-
Sola;SN44560;28.02.2022;0;-;5,5;13,5
Sviland;SN44800;01.03.2022;22;0;-;-
Sola;SN44560;01.03.2022;14,3;-;5,2;12,3
Sviland;SN44800;02.03.2022;0,2;0;-;-
Sola;SN44560;02.03.2022;0;-;4,9;5
Sviland;SN44800;03.03.2022;0;0;-;-
Sola;SN44560;03.03.2022;0;-;3,2;6,6
Sviland;SN44800;04.03.2022;0;0;-;-
Sola;SN44560;04.03.2022;0;-;3;8,1
Sviland;SN44800;05.03.2022;0;0;-;-
Sola;SN44560;05.03.2022;0;-;2,5;5
Sviland;SN44800;06.03.2022;0,3;0;-;-
Sola;SN44560;06.03.2022;0,3;-;2,5;6,4
Sviland;SN44800;07.03.2022;0;0;-;-
Sola;SN44560;07.03.2022;0;-;2,2;4,9
Sviland;SN44800;08.03.2022;0;0;-;-
Sola;SN44560;08.03.2022;0;-;2,3;6,2
Sviland;SN44800;09.03.2022;0;0;-;-
Sola;SN44560;09.03.2022;0;-;6,8;12,6
Sviland;SN44800;10.03.2022;0;0;-;-
Sola;SN44560;10.03.2022;0;-;7,5;11,8
Sviland;SN44800;11.03.2022;0;0;-;-
Sola;SN44560;11.03.2022;0;-;7,5;13,2
Sviland;SN44800;12.03.2022;0;0;-;-
Sola;SN44560;12.03.2022;0;-;6,7;14
Sviland;SN44800;13.03.2022;0;0;-;-
Sola;SN44560;13.03.2022;0;-;8,5;12,9
Sviland;SN44800;14.03.2022;0;0;-;-
Sola;SN44560;14.03.2022;0,1;-;-;8
Sviland;SN44800;15.03.2022;0;0;-;-
Sola;SN44560;15.03.2022;0;-;-;-
Sviland;SN44800;16.03.2022;0,1;0;-;-
Sola;SN44560;16.03.2022;0;-;-;-
Sviland;SN44800;17.03.2022;0;0;-;-
Sola;SN44560;17.03.2022;0;-;-;-
Sviland;SN44800;18.03.2022;9,5;0;-;-
Sola;SN44560;18.03.2022;8,5;-;5,8;6,2
Sviland;SN44800;19.03.2022;0;0;-;-
Sola;SN44560;19.03.2022;0;-;5,1;4,6
Sviland;SN44800;20.03.2022;0;0;-;-
Sola;SN44560;20.03.2022;0;-;6,5;9,1
Sviland;SN44800;21.03.2022;0;0;-;-
Sola;SN44560;21.03.2022;0;-;6,5;10,1
Sviland;SN44800;22.03.2022;9,5;0;-;-
Sola;SN44560;22.03.2022;9,5;-;5;7,8
Sviland;SN44800;23.03.2022;0;0;-;-
Sola;SN44560;23.03.2022;0;-;4;4,3
Sviland;SN44800;24.03.2022;0,1;0;-;-
Sola;SN44560;24.03.2022;0;-;7,2;4,3
Sviland;SN44800;25.03.2022;0;0;-;-
Sola;SN44560;25.03.2022;0;-;7,1;6,7
Sviland;SN44800;26.03.2022;12,2;0;-;-
Sola;SN44560;26.03.2022;1,4;-;6;8,8
Sviland;SN44800;27.03.2022;0;0;-;-
Sola;SN44560;27.03.2022;0;-;6,2;5,8
Sviland;SN44800;28.03.2022;1;0;-;-
Sola;SN44560;28.03.2022;0,2;-;5,9;12,5
Sviland;SN44800;29.03.2022;0;0;-;-
Sola;SN44560;29.03.2022;0;-;3,5;10,4
Sviland;SN44800;30.03.2022;0;0;-;-
Sola;SN44560;30.03.2022;0;-;1,9;8,4
Sviland;SN44800;31.03.2022;0;0;-;-
Sola;SN44560;31.03.2022;0;-;1,9;6,9
Sviland;SN44800;01.04.2022;0;0;-;-
Sola;SN44560;01.04.2022;0;-;1,6;5
Sviland;SN44800;02.04.2022;0;0;-;-
Sola;SN44560;02.04.2022;0;-;2,4;10,6
Sviland;SN44800;03.04.2022;1;0;-;-
Sola;SN44560;03.04.2022;0,3;-;4,7;8,7
Sviland;SN44800;04.04.2022;27;0;-;-
Sola;SN44560;04.04.2022;13,7;-;4,8;17,6
Sviland;SN44800;05.04.2022;9;1;-;-
Sola;SN44560;05.04.2022;1,1;-;3,4;14,2
Sviland;SN44800;06.04.2022;0,1;0;-;-
Sola;SN44560;06.04.2022;0;-;2;9,2
Sviland;SN44800;07.04.2022;3;3;-;-
Sola;SN44560;07.04.2022;2,9;-;3,7;10,5
Sviland;SN44800;08.04.2022;0;0;-;-
Sola;SN44560;08.04.2022;0;-;4,2;13,5
Sviland;SN44800;09.04.2022;3,5;0;-;-
Sola;SN44560;09.04.2022;1;-;4,3;15,6
Sviland;SN44800;10.04.2022;4,5;1;-;-
Sola;SN44560;10.04.2022;1,4;-;4,1;13,8
Sviland;SN44800;11.04.2022;1,5;0;-;-
Sola;SN44560;11.04.2022;0;-;5;9,8
Sviland;SN44800;12.04.2022;0;0;-;-
Sola;SN44560;12.04.2022;0;-;6,8;7,2
Sviland;SN44800;13.04.2022;3,5;0;-;-
Sola;SN44560;13.04.2022;3,6;-;7,8;8,1
Sviland;SN44800;14.04.2022;2,2;0;-;-
Sola;SN44560;14.04.2022;2,1;-;7,2;7,1
Sviland;SN44800;15.04.2022;0;0;-;-
Sola;SN44560;15.04.2022;0;-;7;5,7
Sviland;SN44800;16.04.2022;0;0;-;-
Sola;SN44560;16.04.2022;0,1;-;5,5;6
Sviland;SN44800;17.04.2022;0;0;-;-
Sola;SN44560;17.04.2022;0;-;8,2;7,2
Sviland;SN44800;18.04.2022;0;0;-;-
Sola;SN44560;18.04.2022;0;-;10,9;10,1
Sviland;SN44800;19.04.2022;0;0;-;-
Sola;SN44560;19.04.2022;0;-;-;8,5
Sviland;SN44800;20.04.2022;0;0;-;-
Sola;SN44560;20.04.2022;0;-;-;4,6
Sviland;SN44800;21.04.2022;0;0;-;-
Sola;SN44560;21.04.2022;0;-;11,9;7,5
Sviland;SN44800;22.04.2022;0;0;-;-
Sola;SN44560;22.04.2022;0;-;12,2;7,6
Sviland;SN44800;23.04.2022;0;0;-;-
Sola;SN44560;23.04.2022;0;-;10,4;7,1
Sviland;SN44800;24.04.2022;0;0;-;-
Sola;SN44560;24.04.2022;0;-;8,8;10,3
Sviland;SN44800;25.04.2022;0;0;-;-
Sola;SN44560;25.04.2022;0;-;7;8,2
Sviland;SN44800;26.04.2022;0;0;-;-
Sola;SN44560;26.04.2022;0;-;8,4;6,9
Sviland;SN44800;27.04.2022;0;0;-;-
Sola;SN44560;27.04.2022;0;-;6,9;10,9
Sviland;SN44800;28.04.2022;0;0;-;-
Sola;SN44560;28.04.2022;0;-;7,5;10,6
Sviland;SN44800;29.04.2022;0;0;-;-
Sola;SN44560;29.04.2022;0;-;7,3;8,3
Sviland;SN44800;30.04.2022;0;0;-;-
Sola;SN44560;30.04.2022;0;-;8,3;10,7
Sviland;SN44800;01.05.2022;0;0;-;-
Sola;SN44560;01.05.2022;0;-;7,5;6,7
Sviland;SN44800;02.05.2022;0,1;0;-;-
Sola;SN44560;02.05.2022;0;-;6,6;11,6
Sviland;SN44800;03.05.2022;2;0;-;-
Sola;SN44560;03.05.2022;1,2;-;7,1;11,8
Sviland;SN44800;04.05.2022;0;0;-;-
Sola;SN44560;04.05.2022;0;-;6,7;7
Sviland;SN44800;05.05.2022;6;0;-;-
Sola;SN44560;05.05.2022;0,8;-;9,3;7,3
Sviland;SN44800;06.05.2022;0,1;0;-;-
Sola;SN44560;06.05.2022;0;-;10;-
Sviland;SN44800;07.05.2022;23,1;0;-;-
Sola;SN44560;07.05.2022;12,1;-;7,8;12,5
Sviland;SN44800;08.05.2022;0;0;-;-
Sola;SN44560;08.05.2022;0;-;7,7;11
Sviland;SN44800;09.05.2022;0;0;-;-
Sola;SN44560;09.05.2022;0;-;9,8;10,2
Sviland;SN44800;10.05.2022;6;0;-;-
Sola;SN44560;10.05.2022;3,8;-;10,4;12,4
Sviland;SN44800;11.05.2022;17;0;-;-
Sola;SN44560;11.05.2022;11,7;-;10,1;10,6
Sviland;SN44800;12.05.2022;11;0;-;-
Sola;SN44560;12.05.2022;3,7;-;9,1;9,8
Sviland;SN44800;13.05.2022;4,8;0;-;-
Sola;SN44560;13.05.2022;1,8;-;9,7;8,3
Sviland;SN44800;14.05.2022;11;0;-;-
Sola;SN44560;14.05.2022;3,6;-;9,7;10,6
Sviland;SN44800;15.05.2022;0,2;0;-;-
Sola;SN44560;15.05.2022;0;-;11,1;6,4
Sviland;SN44800;16.05.2022;0;0;-;-
Sola;SN44560;16.05.2022;0;-;11,8;7,1
Sviland;SN44800;17.05.2022;0;0;-;-
Sola;SN44560;17.05.2022;0;-;14,8;8,1
Sviland;SN44800;18.05.2022;0;0;-;-
Sola;SN44560;18.05.2022;0;-;13,6;10,3
Sviland;SN44800;19.05.2022;3,5;0;-;-
Sola;SN44560;19.05.2022;4,1;-;11,4;6,9
Sviland;SN44800;20.05.2022;0,8;0;-;-
Sola;SN44560;20.05.2022;0;-;12,1;6,5
Sviland;SN44800;21.05.2022;0;0;-;-
Sola;SN44560;21.05.2022;0,1;-;11;5,1
Sviland;SN44800;22.05.2022;0,2;0;-;-
Sola;SN44560;22.05.2022;0,2;-;13,1;8,4
Sviland;SN44800;23.05.2022;0;0;-;-
Sola;SN44560;23.05.2022;0,4;-;13,8;11,6
Sviland;SN44800;24.05.2022;2,2;0;-;-
Sola;SN44560;24.05.2022;5,6;-;12,4;12,6
Sviland;SN44800;25.05.2022;4,5;0;-;-
Sola;SN44560;25.05.2022;9,5;-;11;9,2
Sviland;SN44800;26.05.2022;27,5;0;-;-
Sola;SN44560;26.05.2022;9,7;-;10,9;10,8
Sviland;SN44800;27.05.2022;4,5;0;-;-
Sola;SN44560;27.05.2022;2;-;9,9;12,1
Sviland;SN44800;28.05.2022;0,4;0;-;-
Sola;SN44560;28.05.2022;0,5;-;10,5;15,4
Sviland;SN44800;29.05.2022;0;0;-;-
Sola;SN44560;29.05.2022;0;-;9;14
Sviland;SN44800;30.05.2022;0,7;0;-;-
Sola;SN44560;30.05.2022;0;-;9,8;6
Sviland;SN44800;31.05.2022;0;0;-;-
Sola;SN44560;31.05.2022;0;-;11,2;7,4
Sviland;SN44800;01.06.2022;2,5;0;-;-
Sola;SN44560;01.06.2022;1,8;-;11,3;6,3
Sviland;SN44800;02.06.2022;4,5;0;-;-
Sola;SN44560;02.06.2022;0,8;-;10,4;7
Sviland;SN44800;03.06.2022;11;0;-;-
Sola;SN44560;03.06.2022;1,1;-;11;11
Sviland;SN44800;04.06.2022;0,1;0;-;-
Sola;SN44560;04.06.2022;0;-;11,2;9,3
Sviland;SN44800;05.06.2022;0;0;-;-
Sola;SN44560;05.06.2022;0;-;12,2;8,7
Sviland;SN44800;06.06.2022;0;0;-;-
Sola;SN44560;06.06.2022;0;-;15,1;8,5
Sviland;SN44800;07.06.2022;0;0;-;-
Sola;SN44560;07.06.2022;0;-;14,4;8,3
Sviland;SN44800;08.06.2022;8,5;0;-;-
Sola;SN44560;08.06.2022;2,3;-;12,6;6,1
Sviland;SN44800;09.06.2022;0,2;0;-;-
Sola;SN44560;09.06.2022;0;-;12,2;5
Sviland;SN44800;10.06.2022;0,2;0;-;-
Sola;SN44560;10.06.2022;0;-;14,2;10
Sviland;SN44800;11.06.2022;2,3;0;-;-
Sola;SN44560;11.06.2022;0,4;-;14,3;9,6
Sviland;SN44800;12.06.2022;6,2;0;-;-
Sola;SN44560;12.06.2022;0,5;-;12,8;8,8
Sviland;SN44800;13.06.2022;6;0;-;-
Sola;SN44560;13.06.2022;2,9;-;11,6;10,6
Sviland;SN44800;14.06.2022;15;0;-;-
Sola;SN44560;14.06.2022;2,7;-;12,6;8,5
Sviland;SN44800;15.06.2022;0,8;0;-;-
Sola;SN44560;15.06.2022;0;-;12,6;5,7
Sviland;SN44800;16.06.2022;0;0;-;-
Sola;SN44560;16.06.2022;0;-;14,1;6,5
Sviland;SN44800;17.06.2022;0;0;-;-
Sola;SN44560;17.06.2022;0;-;13,9;9,3
Sviland;SN44800;18.06.2022;18;0;-;-
Sola;SN44560;18.06.2022;10,4;-;13;8,7
Sviland;SN44800;19.06.2022;0,6;0;-;-
Sola;SN44560;19.06.2022;0,8;-;12,3;7,5
Sviland;SN44800;20.06.2022;11;0;-;-
Sola;SN44560;20.06.2022;17,1;-;12,8;9,3
Sviland;SN44800;21.06.2022;0;0;-;-
Sola;SN44560;21.06.2022;0;-;12,7;5,6
Sviland;SN44800;22.06.2022;6,6;0;-;-
Sola;SN44560;22.06.2022;2,1;-;12,9;6,4
Sviland;SN44800;23.06.2022;1;0;-;-
Sola;SN44560;23.06.2022;0,1;-;14,7;9,1
Sviland;SN44800;24.06.2022;0;0;-;-
Sola;SN44560;24.06.2022;0;-;21;9,7
Sviland;SN44800;25.06.2022;2;0;-;-
Sola;SN44560;25.06.2022;1,1;-;-;-
Sviland;SN44800;26.06.2022;0;0;-;-
Sola;SN44560;26.06.2022;0;-;-;-
Sviland;SN44800;27.06.2022;7,5;0;-;-
Sola;SN44560;27.06.2022;3,7;-;-;-
Sviland;SN44800;28.06.2022;0;0;-;-
Sola;SN44560;28.06.2022;0;-;-;-
Sviland;SN44800;29.06.2022;0;0;-;-
Sola;SN44560;29.06.2022;0;-;-;-
Sviland;SN44800;30.06.2022;0;0;-;-
Sola;SN44560;30.06.2022;0;-;-;-
Sviland;SN44800;01.07.2022;0;0;-;-
Sola;SN44560;01.07.2022;0;-;-;-
Sviland;SN44800;02.07.2022;8,8;0;-;-
Sola;SN44560;02.07.2022;6,7;-;-;-
Sviland;SN44800;03.07.2022;8,5;0;-;-
Sola;SN44560;03.07.2022;2,5;-;-;-
Sviland;SN44800;04.07.2022;2;0;-;-
Sola;SN44560;04.07.2022;1,5;-;-;-
Sviland;SN44800;05.07.2022;35,5;0;-;-
Sola;SN44560;05.07.2022;5,9;-;-;-
Sviland;SN44800;06.07.2022;2,5;0;-;-
Sola;SN44560;06.07.2022;2,2;-;-;-
Sviland;SN44800;07.07.2022;18,5;0;-;-
Sola;SN44560;07.07.2022;11,5;-;-;-
Sviland;SN44800;08.07.2022;2;0;-;-
Sola;SN44560;08.07.2022;0,9;-;-;-
Sviland;SN44800;09.07.2022;2,5;0;-;-
Sola;SN44560;09.07.2022;1,4;-;-;-
Sviland;SN44800;10.07.2022;3;0;-;-
Sola;SN44560;10.07.2022;1;-;-;-
Sviland;SN44800;11.07.2022;0;0;-;-
Sola;SN44560;11.07.2022;0;-;-;-
Sviland;SN44800;12.07.2022;0;0;-;-
Sola;SN44560;12.07.2022;0;-;-;-
Sviland;SN44800;13.07.2022;0;0;-;-
Sola;SN44560;13.07.2022;7,1;-;-;-
Sviland;SN44800;14.07.2022;15;0;-;-
Sola;SN44560;14.07.2022;3,6;-;-;-
Sviland;SN44800;15.07.2022;5;0;-;-
Sola;SN44560;15.07.2022;2,3;-;-;-
Sviland;SN44800;16.07.2022;6,5;0;-;-
Sola;SN44560;16.07.2022;1,3;-;13,1;10,8
Sviland;SN44800;17.07.2022;0;0;-;-
Sola;SN44560;17.07.2022;0,1;-;13,6;8,1
Sviland;SN44800;18.07.2022;6;0;-;-
Sola;SN44560;18.07.2022;5,4;-;16,3;5,7
Sviland;SN44800;19.07.2022;0;0;-;-
Sola;SN44560;19.07.2022;0;-;21,4;8,5
Sviland;SN44800;20.07.2022;0;0;-;-
Sola;SN44560;20.07.2022;0,3;-;21,8;9,4
Sviland;SN44800;21.07.2022;0,3;0;-;-
Sola;SN44560;21.07.2022;3,7;-;14,8;12,5
Sviland;SN44800;22.07.2022;0,1;0;-;-
Sola;SN44560;22.07.2022;0,3;-;14,6;11,7
Sviland;SN44800;23.07.2022;0,5;0;-;-
Sola;SN44560;23.07.2022;0,1;-;13,8;6,2
Sviland;SN44800;24.07.2022;0;0;-;-
Sola;SN44560;24.07.2022;0;-;15,1;10,2
Sviland;SN44800;25.07.2022;8;0;-;-
Sola;SN44560;25.07.2022;6,2;-;15,6;9,6
Sviland;SN44800;26.07.2022;12;0;-;-
Sola;SN44560;26.07.2022;2,3;-;11,7;13,3
Sviland;SN44800;27.07.2022;4,5;0;-;-
Sola;SN44560;27.07.2022;1,3;-;11,9;12,3
Sviland;SN44800;28.07.2022;0;0;-;-
Sola;SN44560;28.07.2022;0;-;13,9;8,7
Sviland;SN44800;29.07.2022;0;0;-;-
Sola;SN44560;29.07.2022;0,1;-;14;7,8
Sviland;SN44800;30.07.2022;0;0;-;-
Sola;SN44560;30.07.2022;0;-;15,2;7,9
Sviland;SN44800;31.07.2022;1,8;0;-;-
Sola;SN44560;31.07.2022;1,8;-;14,5;8,6
Sviland;SN44800;01.08.2022;12;0;-;-
Sola;SN44560;01.08.2022;1,8;-;13,8;8,1
Sviland;SN44800;02.08.2022;0;0;-;-
Sola;SN44560;02.08.2022;0;-;15,3;11,4
Sviland;SN44800;03.08.2022;9;0;-;-
Sola;SN44560;03.08.2022;3,7;-;17,3;9,9
Sviland;SN44800;04.08.2022;11,5;0;-;-
Sola;SN44560;04.08.2022;2,5;-;15,3;8,8
Sviland;SN44800;05.08.2022;2;0;-;-
Sola;SN44560;05.08.2022;0,4;-;13,8;8
Sviland;SN44800;06.08.2022;8,9;0;-;-
Sola;SN44560;06.08.2022;3,1;-;13;10,2
Sviland;SN44800;07.08.2022;4,2;0;-;-
Sola;SN44560;07.08.2022;1,6;-;13,4;7,5
Sviland;SN44800;08.08.2022;11,9;0;-;-
Sola;SN44560;08.08.2022;11,8;-;14,8;5
Sviland;SN44800;09.08.2022;0;0;-;-
Sola;SN44560;09.08.2022;0,1;-;15,8;4,7
Sviland;SN44800;10.08.2022;0;0;-;-
Sola;SN44560;10.08.2022;0;-;17,6;7,9
Sviland;SN44800;11.08.2022;0;0;-;-
Sola;SN44560;11.08.2022;0;-;18,1;8,2
Sviland;SN44800;12.08.2022;0,1;0;-;-
Sola;SN44560;12.08.2022;0;-;16,8;5,2
Sviland;SN44800;13.08.2022;0;0;-;-
Sola;SN44560;13.08.2022;0;-;17,2;4,8
Sviland;SN44800;14.08.2022;0;0;-;-
Sola;SN44560;14.08.2022;0;-;20,9;6,4
Sviland;SN44800;15.08.2022;0,8;0;-;-
Sola;SN44560;15.08.2022;1,7;-;21,4;8,6
Sviland;SN44800;16.08.2022;0;0;-;-
Sola;SN44560;16.08.2022;0;-;19,5;6,6
Sviland;SN44800;17.08.2022;9;0;-;-
Sola;SN44560;17.08.2022;1,6;-;15,2;9,4
Sviland;SN44800;18.08.2022;0;0;-;-
Sola;SN44560;18.08.2022;0;-;14,3;6,7
Sviland;SN44800;19.08.2022;1,5;0;-;-
Sola;SN44560;19.08.2022;1,1;-;15,2;10
Sviland;SN44800;20.08.2022;3;0;-;-
Sola;SN44560;20.08.2022;6,6;-;16;9,5
Sviland;SN44800;21.08.2022;19,5;0;-;-
Sola;SN44560;21.08.2022;5,9;-;15,3;9,4
Sviland;SN44800;22.08.2022;4;0;-;-
Sola;SN44560;22.08.2022;0,7;-;15,1;5,1
Sviland;SN44800;23.08.2022;0;0;-;-
Sola;SN44560;23.08.2022;0;-;18,7;10
Sviland;SN44800;24.08.2022;0;0;-;-
Sola;SN44560;24.08.2022;0;-;21,2;12,5
Sviland;SN44800;25.08.2022;0;0;-;-
Sola;SN44560;25.08.2022;0;-;21;12
Sviland;SN44800;26.08.2022;10,5;0;-;-
Sola;SN44560;26.08.2022;27,7;-;15,9;8,9
Sviland;SN44800;27.08.2022;13,5;0;-;-
Sola;SN44560;27.08.2022;3,9;-;14,8;10,8
Sviland;SN44800;28.08.2022;0;0;-;-
Sola;SN44560;28.08.2022;0,1;-;14,6;10,2
Sviland;SN44800;29.08.2022;0;0;-;-
Sola;SN44560;29.08.2022;0,2;-;15;8,1
Sviland;SN44800;30.08.2022;0;0;-;-
Sola;SN44560;30.08.2022;0;-;14,1;4,5
Sviland;SN44800;31.08.2022;0;0;-;-
Sola;SN44560;31.08.2022;0;-;15,1;5,1
Sviland;SN44800;01.09.2022;0,1;0;-;-
Sola;SN44560;01.09.2022;0;-;14,3;5,1
Sviland;SN44800;02.09.2022;0,1;0;-;-
Sola;SN44560;02.09.2022;0;-;14,9;5,1
Sviland;SN44800;03.09.2022;0;0;-;-
Sola;SN44560;03.09.2022;0;-;16,4;5,9
Sviland;SN44800;04.09.2022;0;0;-;-
Sola;SN44560;04.09.2022;0;-;17,4;7,6
Sviland;SN44800;05.09.2022;0;0;-;-
Sola;SN44560;05.09.2022;0;-;18,2;9,2
Sviland;SN44800;06.09.2022;0;0;-;-
Sola;SN44560;06.09.2022;0;-;17,8;8,2
Sviland;SN44800;07.09.2022;0;0;-;-
Sola;SN44560;07.09.2022;0;-;15,4;5,1
Sviland;SN44800;08.09.2022;3;0;-;-
Sola;SN44560;08.09.2022;3,2;-;16,6;8,2
Sviland;SN44800;09.09.2022;0;0;-;-
Sola;SN44560;09.09.2022;0,2;-;14,4;9,7
Sviland;SN44800;10.09.2022;3,3;0;-;-
Sola;SN44560;10.09.2022;0;-;15,2;4
Sviland;SN44800;11.09.2022;0;0;-;-
Sola;SN44560;11.09.2022;0;-;15,1;4,4
Sviland;SN44800;12.09.2022;0,1;0;-;-
Sola;SN44560;12.09.2022;0,7;-;15,2;11,3
Sviland;SN44800;13.09.2022;38;0;-;-
Sola;SN44560;13.09.2022;14,8;-;13,5;13,9
Sviland;SN44800;14.09.2022;15,5;0;-;-
Sola;SN44560;14.09.2022;6,2;-;12,7;11,6
Sviland;SN44800;15.09.2022;5;0;-;-
Sola;SN44560;15.09.2022;3,4;-;11,4;14,3
Sviland;SN44800;16.09.2022;13;0;-;-
Sola;SN44560;16.09.2022;4,4;-;13;15,1
Sviland;SN44800;17.09.2022;0;0;-;-
Sola;SN44560;17.09.2022;0;-;11,4;14,2
Sviland;SN44800;18.09.2022;1;0;-;-
Sola;SN44560;18.09.2022;0;-;12,1;11,3
Sviland;SN44800;19.09.2022;0;0;-;-
Sola;SN44560;19.09.2022;0;-;11,2;9,6
Sviland;SN44800;20.09.2022;0;0;-;-
Sola;SN44560;20.09.2022;0;-;9,3;6,3
Sviland;SN44800;21.09.2022;0;0;-;-
Sola;SN44560;21.09.2022;0;-;11,1;4,2
Sviland;SN44800;22.09.2022;0;0;-;-
Sola;SN44560;22.09.2022;0;-;14,4;10,6
Sviland;SN44800;23.09.2022;30;0;-;-
Sola;SN44560;23.09.2022;39,5;-;13,1;9,6
Sviland;SN44800;24.09.2022;3;0;-;-
Sola;SN44560;24.09.2022;0,4;-;11,9;8,6
Sviland;SN44800;25.09.2022;0;0;-;-
Sola;SN44560;25.09.2022;0;-;10,2;6,8
Sviland;SN44800;26.09.2022;18;0;-;-
Sola;SN44560;26.09.2022;26,6;-;11,2;8,2
Sviland;SN44800;27.09.2022;9;0;-;-
Sola;SN44560;27.09.2022;2,3;-;10,2;7,9
Sviland;SN44800;28.09.2022;4;0;-;-
Sola;SN44560;28.09.2022;0,7;-;13,7;7,3
Sviland;SN44800;29.09.2022;0;0;-;-
Sola;SN44560;29.09.2022;0;-;11,2;5,9
Sviland;SN44800;30.09.2022;0;0;-;-
Sola;SN44560;30.09.2022;0;-;10,7;10,9
Sviland;SN44800;01.10.2022;12;0;-;-
Sola;SN44560;01.10.2022;8,7;-;12,8;11,8
Sviland;SN44800;02.10.2022;2,5;0;-;-
Sola;SN44560;02.10.2022;0;-;11,8;9,2
Sviland;SN44800;03.10.2022;6,5;0;-;-
Sola;SN44560;03.10.2022;2,6;-;12,6;7,9
Sviland;SN44800;04.10.2022;0,5;0;-;-
Sola;SN44560;04.10.2022;0;-;13,4;11,3
Sviland;SN44800;05.10.2022;21;0;-;-
Sola;SN44560;05.10.2022;12,8;-;12,4;10
Sviland;SN44800;06.10.2022;40;0;-;-
Sola;SN44560;06.10.2022;16;-;12,8;12,2
Sviland;SN44800;07.10.2022;21,5;0;-;-
Sola;SN44560;07.10.2022;13;-;12,9;11
Sviland;SN44800;08.10.2022;23;0;-;-
Sola;SN44560;08.10.2022;6,2;-;9,5;10,1
Sviland;SN44800;09.10.2022;4;0;-;-
Sola;SN44560;09.10.2022;1,5;-;11,6;10,4
Sviland;SN44800;10.10.2022;0;0;-;-
Sola;SN44560;10.10.2022;2,2;-;11,5;11,6
Sviland;SN44800;11.10.2022;19,5;0;-;-
Sola;SN44560;11.10.2022;12,2;-;9,5;12,2
Sviland;SN44800;12.10.2022;5,2;0;-;-
Sola;SN44560;12.10.2022;2,5;-;10,6;9,1
Sviland;SN44800;13.10.2022;17;0;-;-
Sola;SN44560;13.10.2022;14;-;9,7;9,5
Sviland;SN44800;14.10.2022;2,5;0;-;-
Sola;SN44560;14.10.2022;0,9;-;10,1;8,3
Sviland;SN44800;15.10.2022;28,5;0;-;-
Sola;SN44560;15.10.2022;7,4;-;8,3;13,2
Sviland;SN44800;16.10.2022;21;0;-;-
Sola;SN44560;16.10.2022;16,8;-;10,9;12,3
Sviland;SN44800;17.10.2022;7;0;-;-
Sola;SN44560;17.10.2022;4,2;-;10,4;11,9
Sviland;SN44800;18.10.2022;12;0;-;-
Sola;SN44560;18.10.2022;10,2;-;10,9;9,9
Sviland;SN44800;19.10.2022;2,5;0;-;-
Sola;SN44560;19.10.2022;1,2;-;6,4;10,7
Sviland;SN44800;20.10.2022;0;0;-;-
Sola;SN44560;20.10.2022;0;-;7,1;5,6
Sviland;SN44800;21.10.2022;0;0;-;-
Sola;SN44560;21.10.2022;0;-;10,2;5,1
Sviland;SN44800;22.10.2022;3;0;-;-
Sola;SN44560;22.10.2022;0;-;10,1;2,9
Sviland;SN44800;23.10.2022;5,5;0;-;-
Sola;SN44560;23.10.2022;10;-;12;5,9
Sviland;SN44800;24.10.2022;0;0;-;-
Sola;SN44560;24.10.2022;0,2;-;13,1;8
Sviland;SN44800;25.10.2022;5;0;-;-
Sola;SN44560;25.10.2022;0,5;-;11,4;6,5
Sviland;SN44800;26.10.2022;4,3;0;-;-
Sola;SN44560;26.10.2022;5,5;-;12;9,8
Sviland;SN44800;27.10.2022;4;0;-;-
Sola;SN44560;27.10.2022;3;-;12,8;8,7
Sviland;SN44800;28.10.2022;2;0;-;-
Sola;SN44560;28.10.2022;1,9;-;13,7;9,6
Sviland;SN44800;29.10.2022;10,2;0;-;-
Sola;SN44560;29.10.2022;7,8;-;10,5;9,3
Sviland;SN44800;30.10.2022;0;0;-;-
Sola;SN44560;30.10.2022;0;-;12,8;7,3
Sviland;SN44800;31.10.2022;6;0;-;-
Sola;SN44560;31.10.2022;7,1;-;12,2;8,3
Sviland;SN44800;01.11.2022;0;0;-;-
Sola;SN44560;01.11.2022;0;-;12,7;14,2
Sviland;SN44800;02.11.2022;15,5;0;-;-
Sola;SN44560;02.11.2022;9,5;-;9,9;9
Sviland;SN44800;03.11.2022;14,5;0;-;-
Sola;SN44560;03.11.2022;9,4;-;10,5;13,5
Sviland;SN44800;04.11.2022;54,5;0;-;-
Sola;SN44560;04.11.2022;35,1;-;8,2;7,7
Sviland;SN44800;05.11.2022;37;0;-;-
Sola;SN44560;05.11.2022;27,5;-;9;6,5
Sviland;SN44800;06.11.2022;11,5;0;-;-
Sola;SN44560;06.11.2022;4,8;-;9,9;7
Sviland;SN44800;07.11.2022;9,5;0;-;-
Sola;SN44560;07.11.2022;15,1;-;9,5;5,4
Sviland;SN44800;08.11.2022;4;0;-;-
Sola;SN44560;08.11.2022;3,4;-;11,8;11,5
Sviland;SN44800;09.11.2022;22;0;-;-
Sola;SN44560;09.11.2022;6,2;-;10,9;9,1
Sviland;SN44800;10.11.2022;6,6;0;-;-
Sola;SN44560;10.11.2022;7,9;-;11,5;11,3
Sviland;SN44800;11.11.2022;12;0;-;-
Sola;SN44560;11.11.2022;4,7;-;13,2;11,4
Sviland;SN44800;12.11.2022;2;0;-;-
Sola;SN44560;12.11.2022;0,7;-;11,5;10,5
Sviland;SN44800;13.11.2022;1;0;-;-
Sola;SN44560;13.11.2022;0,5;-;10,5;6,3
Sviland;SN44800;14.11.2022;0;0;-;-
Sola;SN44560;14.11.2022;0;-;8,4;3,1
Sviland;SN44800;15.11.2022;0;0;-;-
Sola;SN44560;15.11.2022;0;-;9,6;14,3
Sviland;SN44800;16.11.2022;0;0;-;-
Sola;SN44560;16.11.2022;0;-;9;16,3
Sviland;SN44800;17.11.2022;0;0;-;-
Sola;SN44560;17.11.2022;0;-;6,4;14,8
Sviland;SN44800;18.11.2022;0;0;-;-
Sola;SN44560;18.11.2022;0;-;4,9;13,3
Sviland;SN44800;19.11.2022;0;0;-;-
Sola;SN44560;19.11.2022;0;-;0;5,5
Sviland;SN44800;20.11.2022;0;0;-;-
Sola;SN44560;20.11.2022;0;-;0,3;7,7
Sviland;SN44800;21.11.2022;0;0;-;-
Sola;SN44560;21.11.2022;0;-;0,2;7,6
Sviland;SN44800;22.11.2022;0;0;-;-
Sola;SN44560;22.11.2022;0;-;3,6;10,9
Sviland;SN44800;23.11.2022;0;0;-;-
Sola;SN44560;23.11.2022;0;-;7,2;11,6
Sviland;SN44800;24.11.2022;0,6;0;-;-
Sola;SN44560;24.11.2022;0;-;8,1;14
Sviland;SN44800;25.11.2022;3;0;-;-
Sola;SN44560;25.11.2022;3,2;-;8,3;15,5
Sviland;SN44800;26.11.2022;21,4;0;-;-
Sola;SN44560;26.11.2022;12,2;-;8,5;7,5
Sviland;SN44800;27.11.2022;1,5;0;-;-
Sola;SN44560;27.11.2022;0,2;-;9,5;12,9
Sviland;SN44800;28.11.2022;14,5;0;-;-
Sola;SN44560;28.11.2022;15;-;8;10
Sviland;SN44800;29.11.2022;0;0;-;-
Sola;SN44560;29.11.2022;0;-;6,4;9,8
Sviland;SN44800;30.11.2022;0;0;-;-
Sola;SN44560;30.11.2022;0;-;5,6;4,4
Sviland;SN44800;01.12.2022;0;0;-;-
Sola;SN44560;01.12.2022;0;-;2;4,3
Sviland;SN44800;02.12.2022;0;0;-;-
Sola;SN44560;02.12.2022;0;-;0,9;3,6
Sviland;SN44800;03.12.2022;0;0;-;-
Sola;SN44560;03.12.2022;0;-;2,1;4,2
Sviland;SN44800;04.12.2022;0;0;-;-
Sola;SN44560;04.12.2022;0;-;-2,5;5,5
Sviland;SN44800;05.12.2022;0;0;-;-
Sola;SN44560;05.12.2022;0;-;-1,8;3,5
Sviland;SN44800;06.12.2022;0;0;-;-
Sola;SN44560;06.12.2022;0,2;-;1,6;6
Sviland;SN44800;07.12.2022;0;0;-;-
Sola;SN44560;07.12.2022;0;-;-2,1;7,8
Sviland;SN44800;08.12.2022;1,5;2;-;-
Sola;SN44560;08.12.2022;0;-;-3,1;7,6
Sviland;SN44800;09.12.2022;6;6;-;-
Sola;SN44560;09.12.2022;4,2;-;0,2;8,1
Sviland;SN44800;10.12.2022;0;6;-;-
Sola;SN44560;10.12.2022;0;-;-4,7;7,9
Sviland;SN44800;11.12.2022;1;7;-;-
Sola;SN44560;11.12.2022;0,6;-;-1,8;8,3
Sviland;SN44800;12.12.2022;0;7;-;-
Sola;SN44560;12.12.2022;1,4;-;-1,8;7,3
Sviland;SN44800;13.12.2022;0;7;-;-
Sola;SN44560;13.12.2022;0;-;-0,1;10,9
Sviland;SN44800;14.12.2022;2,5;10;-;-
Sola;SN44560;14.12.2022;1;-;-4,7;9
Sviland;SN44800;15.12.2022;0;10;-;-
Sola;SN44560;15.12.2022;0;-;-6,4;4,9
Sviland;SN44800;16.12.2022;4;15;-;-
Sola;SN44560;16.12.2022;3,1;-;0,4;6,4
Sviland;SN44800;17.12.2022;17,5;25;-;-
Sola;SN44560;17.12.2022;7,1;-;3,6;8,3
Sviland;SN44800;18.12.2022;5;15;-;-
Sola;SN44560;18.12.2022;4,6;-;4,5;10,2
Sviland;SN44800;19.12.2022;0,8;12;-;-
Sola;SN44560;19.12.2022;0,2;-;5,3;11,8
Sviland;SN44800;20.12.2022;8,5;0;-;-
Sola;SN44560;20.12.2022;5;-;6,7;12,3
Sviland;SN44800;21.12.2022;7,8;0;-;-
Sola;SN44560;21.12.2022;3,6;-;5;7,7
Sviland;SN44800;22.12.2022;19,5;0;-;-
Sola;SN44560;22.12.2022;8,2;-;5,1;8
Sviland;SN44800;23.12.2022;4,5;0;-;-
Sola;SN44560;23.12.2022;1,4;-;0,4;8,1
Sviland;SN44800;24.12.2022;0;0;-;-
Sola;SN44560;24.12.2022;0;-;-2,3;4
Sviland;SN44800;25.12.2022;0,6;0;-;-
Sola;SN44560;25.12.2022;0;-;5,9;12,4
Sviland;SN44800;26.12.2022;7;0;-;-
Sola;SN44560;26.12.2022;4,9;-;5,8;9,8
Sviland;SN44800;27.12.2022;13,5;2;-;-
Sola;SN44560;27.12.2022;13,5;-;3,3;14,1
Sviland;SN44800;28.12.2022;7;15;-;-
Sola;SN44560;28.12.2022;3,5;-;3,6;9,3
Sviland;SN44800;29.12.2022;5;2;-;-
Sola;SN44560;29.12.2022;3,1;-;6,2;13,8
Sviland;SN44800;30.12.2022;22,5;0;-;-
Sola;SN44560;30.12.2022;4,8;-;6,2;15,3
Sviland;SN44800;31.12.2022;26,2;0;-;-
Sola;SN44560;31.12.2022;16,8;-;4,9;17,9
Sviland;SN44800;01.01.2023;3,5;0;-;-
Sola;SN44560;01.01.2023;3;-;0,2;5,9
Sviland;SN44800;02.01.2023;0,3;0;-;-
Sola;SN44560;02.01.2023;0,5;-;2,7;3,8
Sviland;SN44800;03.01.2023;4,5;0;-;-
Sola;SN44560;03.01.2023;4;-;3,8;8,2
Sviland;SN44800;04.01.2023;6;0;-;-
Sola;SN44560;04.01.2023;0,5;-;5,2;14,6
Sviland;SN44800;05.01.2023;3,5;1;-;-
Sola;SN44560;05.01.2023;3,8;-;1,5;11
Sviland;SN44800;06.01.2023;9,5;5;-;-
Sola;SN44560;06.01.2023;1,4;-;5,3;14,9
Sviland;SN44800;07.01.2023;18,5;0;-;-
Sola;SN44560;07.01.2023;10,1;-;7,6;13,1
Sviland;SN44800;08.01.2023;33;0;-;-
Sola;SN44560;08.01.2023;17,4;-;7,6;13,2
Sviland;SN44800;09.01.2023;15;0;-;-
Sola;SN44560;09.01.2023;6,2;-;5,3;10,8
Sviland;SN44800;10.01.2023;12,3;0;-;-
Sola;SN44560;10.01.2023;9,3;-;5,2;9
Sviland;SN44800;11.01.2023;25,5;0;-;-
Sola;SN44560;11.01.2023;11,1;-;7,3;17
Sviland;SN44800;12.01.2023;6,5;0;-;-
Sola;SN44560;12.01.2023;3,4;-;5,1;8,6
Sviland;SN44800;13.01.2023;16;0;-;-
Sola;SN44560;13.01.2023;17,1;-;5;6,5
Sviland;SN44800;14.01.2023;5;0;-;-
Sola;SN44560;14.01.2023;2,2;-;4;11,4
Sviland;SN44800;15.01.2023;6,3;0;-;-
Sola;SN44560;15.01.2023;1,2;-;4,1;13,1
Sviland;SN44800;16.01.2023;12;12;-;-
Sola;SN44560;16.01.2023;1,2;-;1,1;9,9
Sviland;SN44800;17.01.2023;16,5;23;-;-
Sola;SN44560;17.01.2023;2,3;-;0,8;4,5
Sviland;SN44800;18.01.2023;10;26;-;-
Sola;SN44560;18.01.2023;7,6;-;0,5;3,3
Sviland;SN44800;19.01.2023;0,5;26;-;-
Sola;SN44560;19.01.2023;1;-;-0,6;3,1
Sviland;SN44800;20.01.2023;0;26;-;-
Sola;SN44560;20.01.2023;0;-;-4;2,9
Sviland;SN44800;21.01.2023;0;26;-;-
Sola;SN44560;21.01.2023;0;-;-1,4;5,4
Sviland;SN44800;22.01.2023;0;26;-;-
Sola;SN44560;22.01.2023;0;-;1,7;9,2
Sviland;SN44800;23.01.2023;0;26;-;-
Sola;SN44560;23.01.2023;0;-;2,5;7,8
Sviland;SN44800;24.01.2023;4;8;-;-
Sola;SN44560;24.01.2023;3,9;-;6,7;7,4
Sviland;SN44800;25.01.2023;9,5;0;-;-
Sola;SN44560;25.01.2023;7,6;-;6,7;7,2
Sviland;SN44800;26.01.2023;14,5;0;-;-
Sola;SN44560;26.01.2023;7,9;-;3,4;9,2
Sviland;SN44800;27.01.2023;0;0;-;-
Sola;SN44560;27.01.2023;0;-;1,1;3,3
Sviland;SN44800;28.01.2023;4;0;-;-
Sola;SN44560;28.01.2023;1,2;-;5,9;9
Sviland;SN44800;29.01.2023;4,2;0;-;-
Sola;SN44560;29.01.2023;0,2;-;6,4;13
Sviland;SN44800;30.01.2023;18,5;0;-;-
Sola;SN44560;30.01.2023;6,4;-;3,8;17,1
Sviland;SN44800;31.01.2023;3,5;3;-;-
Sola;SN44560;31.01.2023;1,8;-;3,7;14,6
Sviland;SN44800;01.02.2023;15;0;-;-
Sola;SN44560;01.02.2023;4,8;-;5,2;15,1
Sviland;SN44800;02.02.2023;17,5;0;-;-
Sola;SN44560;02.02.2023;5,6;-;2,5;9
Sviland;SN44800;03.02.2023;21;0;-;-
Sola;SN44560;03.02.2023;17,3;-;4,7;15,5
Sviland;SN44800;04.02.2023;5,5;0;-;-
Sola;SN44560;04.02.2023;0,8;-;2,2;11,2
Sviland;SN44800;05.02.2023;13,5;0;-;-
Sola;SN44560;05.02.2023;10,9;-;5,5;12,1
Sviland;SN44800;06.02.2023;0,3;0;-;-
Sola;SN44560;06.02.2023;0;-;5,6;5,1
Sviland;SN44800;07.02.2023;0;0;-;-
Sola;SN44560;07.02.2023;0;-;6,4;6,2
Sviland;SN44800;08.02.2023;3;0;-;-
Sola;SN44560;08.02.2023;2;-;6,4;12,1
Sviland;SN44800;09.02.2023;3;0;-;-
Sola;SN44560;09.02.2023;1,5;-;5,3;18,2
Sviland;SN44800;10.02.2023;3;1;-;-
Sola;SN44560;10.02.2023;3,3;-;4,8;15,5
Sviland;SN44800;11.02.2023;32,5;0;-;-
Sola;SN44560;11.02.2023;14,1;-;8;11,3
Sviland;SN44800;12.02.2023;4,6;0;-;-
Sola;SN44560;12.02.2023;1,4;-;7,6;6,4
Sviland;SN44800;13.02.2023;0,8;0;-;-
Sola;SN44560;13.02.2023;0,1;-;6,3;4
Sviland;SN44800;14.02.2023;0;0;-;-
Sola;SN44560;14.02.2023;0;-;5,9;6,5
Sviland;SN44800;15.02.2023;0;0;-;-
Sola;SN44560;15.02.2023;0;-;6,3;10,4
Sviland;SN44800;16.02.2023;2,5;0;-;-
Sola;SN44560;16.02.2023;1,1;-;-;9,6
Sviland;SN44800;17.02.2023;9,5;0;-;-
Sola;SN44560;17.02.2023;7,3;-;-;21,1
Sviland;SN44800;18.02.2023;14;0;-;-
Sola;SN44560;18.02.2023;9,8;-;3;16
Sviland;SN44800;19.02.2023;1,6;0;-;-
Sola;SN44560;19.02.2023;0,1;-;4,3;10,9
Sviland;SN44800;20.02.2023;40;0;-;-
Sola;SN44560;20.02.2023;24;-;7,4;15,8
Sviland;SN44800;21.02.2023;10;0;-;-
Sola;SN44560;21.02.2023;3,4;-;6,6;14,9
Sviland;SN44800;22.02.2023;2,3;0;-;-
Sola;SN44560;22.02.2023;0,2;-;6,2;9,1
Sviland;SN44800;23.02.2023;9;0;-;-
Sola;SN44560;23.02.2023;8;-;4,3;11,2
Sviland;SN44800;24.02.2023;20,5;0;-;-
Sola;SN44560;24.02.2023;10,2;-;4,7;14,4
Sviland;SN44800;25.02.2023;0;0;-;-
Sola;SN44560;25.02.2023;0;-;2,6;11,7
Sviland;SN44800;26.02.2023;0;0;-;-
Sola;SN44560;26.02.2023;0;-;1,7;5,3
Sviland;SN44800;27.02.2023;0;0;-;-
Sola;SN44560;27.02.2023;0;-;2,5;4,9
Sviland;SN44800;28.02.2023;0;0;-;-
Sola;SN44560;28.02.2023;0;-;2,1;7,5
Sviland;SN44800;01.03.2023;0;0;-;-
Sola;SN44560;01.03.2023;0;-;1,6;4,2
Sviland;SN44800;02.03.2023;0;0;-;-
Sola;SN44560;02.03.2023;0;-;2,2;6,3
Sviland;SN44800;03.03.2023;0;0;-;-
Sola;SN44560;03.03.2023;0;-;4,4;12,2
Sviland;SN44800;04.03.2023;0,2;0;-;-
Sola;SN44560;04.03.2023;0;-;2,2;14,1
Sviland;SN44800;05.03.2023;0;0;-;-
Sola;SN44560;05.03.2023;0;-;0,8;8,5
Sviland;SN44800;06.03.2023;0;0;-;-
Sola;SN44560;06.03.2023;0;-;-0,9;5,4
Sviland;SN44800;07.03.2023;0;0;-;-
Sola;SN44560;07.03.2023;0;-;-1,9;4,7
Sviland;SN44800;08.03.2023;0;0;-;-
Sola;SN44560;08.03.2023;0;-;-1,4;8,9
Sviland;SN44800;09.03.2023;3;2;-;-
Sola;SN44560;09.03.2023;0,6;-;-1,8;9
Sviland;SN44800;10.03.2023;2;3;-;-
Sola;SN44560;10.03.2023;0,4;-;-2,7;7,4
Sviland;SN44800;11.03.2023;3;4;-;-
Sola;SN44560;11.03.2023;3;-;-1;15,6
Sviland;SN44800;12.03.2023;4,5;7;-;-
Sola;SN44560;12.03.2023;1,6;-;0,1;10,6
Sviland;SN44800;13.03.2023;2;2;-;-
Sola;SN44560;13.03.2023;0,8;-;4;12,5
Sviland;SN44800;14.03.2023;24;0;-;-
Sola;SN44560;14.03.2023;15,5;-;2,8;14,9
Sviland;SN44800;15.03.2023;5,5;5;-;-
Sola;SN44560;15.03.2023;2,4;-;2,2;12,2
Sviland;SN44800;16.03.2023;0,5;2;-;-
Sola;SN44560;16.03.2023;0,3;-;2,8;16
Sviland;SN44800;17.03.2023;10;0;-;-
Sola;SN44560;17.03.2023;7,6;-;6,5;16,4
Sviland;SN44800;18.03.2023;12,5;0;-;-
Sola;SN44560;18.03.2023;7,4;-;6,8;5,6
Sviland;SN44800;19.03.2023;2;0;-;-
Sola;SN44560;19.03.2023;0,6;-;7,2;7,5
Sviland;SN44800;20.03.2023;5;0;-;-
Sola;SN44560;20.03.2023;1,7;-;5,4;7,2
Sviland;SN44800;21.03.2023;0,5;0;-;-
Sola;SN44560;21.03.2023;0,2;-;4,7;10,6
Sviland;SN44800;22.03.2023;5;0;-;-
Sola;SN44560;22.03.2023;4,8;-;7,3;10,8
Sviland;SN44800;23.03.2023;11;0;-;-
Sola;SN44560;23.03.2023;9,2;-;7,2;9,5
Sviland;SN44800;24.03.2023;6,5;0;-;-
Sola;SN44560;24.03.2023;3,8;-;6,2;7,1
Sviland;SN44800;25.03.2023;17;0;-;-
Sola;SN44560;25.03.2023;11,2;-;5,8;8
Sviland;SN44800;26.03.2023;0,8;0;-;-
Sola;SN44560;26.03.2023;0,4;-;3,4;11,6
Sviland;SN44800;27.03.2023;1,5;1;-;-
Sola;SN44560;27.03.2023;4,1;-;2,5;10,3
Sviland;SN44800;28.03.2023;3;1;-;-
Sola;SN44560;28.03.2023;1,7;-;1,8;10
Sviland;SN44800;29.03.2023;9;1;-;-
Sola;SN44560;29.03.2023;5,8;-;4,3;5,7
Sviland;SN44800;30.03.2023;1;0;-;-
Sola;SN44560;30.03.2023;2,9;-;4,2;6,7
Sviland;SN44800;31.03.2023;14,5;0;-;-
Sola;SN44560;31.03.2023;9,4;-;4,8;5,4
Sviland;SN44800;01.04.2023;0;0;-;-
Sola;SN44560;01.04.2023;0,4;-;3,8;6,5
Sviland;SN44800;02.04.2023;0;0;-;-
Sola;SN44560;02.04.2023;0;-;3,7;4,5
Sviland;SN44800;03.04.2023;0;0;-;-
Sola;SN44560;03.04.2023;0;-;5,1;4,5
Sviland;SN44800;04.04.2023;0;0;-;-
Sola;SN44560;04.04.2023;0,1;-;3,8;6,2
Sviland;SN44800;05.04.2023;0;0;-;-
Sola;SN44560;05.04.2023;0;-;4,9;9,6
Sviland;SN44800;06.04.2023;0;0;-;-
Sola;SN44560;06.04.2023;0;-;3,7;8,9
Sviland;SN44800;07.04.2023;0;0;-;-
Sola;SN44560;07.04.2023;0;-;6,7;7,3
Sviland;SN44800;08.04.2023;0;0;-;-
Sola;SN44560;08.04.2023;0,1;-;6,2;5
Sviland;SN44800;09.04.2023;0;0;-;-
Sola;SN44560;09.04.2023;0;-;8,2;7,3
Sviland;SN44800;10.04.2023;1,7;0;-;-
Sola;SN44560;10.04.2023;0,8;-;9;15,1
Sviland;SN44800;11.04.2023;8,5;0;-;-
Sola;SN44560;11.04.2023;3,9;-;7,5;10,9
Sviland;SN44800;12.04.2023;2;0;-;-
Sola;SN44560;12.04.2023;1,6;-;7,1;14
Sviland;SN44800;13.04.2023;0,5;0;-;-
Sola;SN44560;13.04.2023;0,8;-;8,6;10,8
Sviland;SN44800;14.04.2023;5,5;0;-;-
Sola;SN44560;14.04.2023;2,4;-;9,1;11,2
Sviland;SN44800;15.04.2023;0;0;-;-
Sola;SN44560;15.04.2023;0,4;-;6,5;5,1
Sviland;SN44800;16.04.2023;1;0;-;-
Sola;SN44560;16.04.2023;0;-;6,8;4,5
Sviland;SN44800;17.04.2023;0;0;-;-
Sola;SN44560;17.04.2023;0;-;7,9;5,2
Sviland;SN44800;18.04.2023;0;0;-;-
Sola;SN44560;18.04.2023;0;-;9,6;6,7
Sviland;SN44800;19.04.2023;0;0;-;-
Sola;SN44560;19.04.2023;0;-;10,6;7,4
Sviland;SN44800;20.04.2023;0;0;-;-
Sola;SN44560;20.04.2023;0;-;10,3;6
Sviland;SN44800;21.04.2023;0;0;-;-
Sola;SN44560;21.04.2023;0;-;10,1;5,1
Sviland;SN44800;22.04.2023;0;0;-;-
Sola;SN44560;22.04.2023;0;-;11,2;6,7
Sviland;SN44800;23.04.2023;3,8;0;-;-
Sola;SN44560;23.04.2023;0,8;-;8,9;8
Sviland;SN44800;24.04.2023;5,8;0;-;-
Sola;SN44560;24.04.2023;0,8;-;7,1;11,8
Sviland;SN44800;25.04.2023;1;0;-;-
Sola;SN44560;25.04.2023;0;-;5,8;16,3
Sviland;SN44800;26.04.2023;0,1;0;-;-
Sola;SN44560;26.04.2023;0,1;-;4,5;12,5
Sviland;SN44800;27.04.2023;3,4;0;-;-
Sola;SN44560;27.04.2023;1,2;-;5;12,2
Sviland;SN44800;28.04.2023;0,1;0;-;-
Sola;SN44560;28.04.2023;1,1;-;5;5,3
Sviland;SN44800;29.04.2023;6,3;0;-;-
Sola;SN44560;29.04.2023;2,4;-;5,7;12,4
Sviland;SN44800;30.04.2023;0,1;0;-;-
Sola;SN44560;30.04.2023;0,1;-;5,7;8,5
Sviland;SN44800;01.05.2023;16,5;0;-;-
Sola;SN44560;01.05.2023;8,7;-;6,4;14,6
Sviland;SN44800;02.05.2023;7;0;-;-
Sola;SN44560;02.05.2023;4;-;6,4;11,4
Sviland;SN44800;03.05.2023;3;0;-;-
Sola;SN44560;03.05.2023;-;-;7,1;8,6
Sviland;SN44800;04.05.2023;0;0;-;-
Sola;SN44560;04.05.2023;-;-;7,7;7,6
Sviland;SN44800;05.05.2023;0;0;-;-
Sola;SN44560;05.05.2023;-;-;9,9;10,1
Sviland;SN44800;06.05.2023;0;0;-;-
Sola;SN44560;06.05.2023;-;-;10,7;8,2
Sviland;SN44800;07.05.2023;0;0;-;-
Sola;SN44560;07.05.2023;-;-;12,4;9,5
Sviland;SN44800;08.05.2023;0;0;-;-
Sola;SN44560;08.05.2023;-;-;13,9;12,9
Sviland;SN44800;09.05.2023;0;0;-;-
Sola;SN44560;09.05.2023;-;-;12,5;12
Sviland;SN44800;10.05.2023;9;0;-;-
Sola;SN44560;10.05.2023;-;-;10,4;5,3
Sviland;SN44800;11.05.2023;6,5;0;-;-
Sola;SN44560;11.05.2023;-;-;9,1;5
Sviland;SN44800;12.05.2023;0,2;0;-;-
Sola;SN44560;12.05.2023;-;-;9,3;6,5
Sviland;SN44800;13.05.2023;0,1;0;-;-
Sola;SN44560;13.05.2023;-;-;8,1;7,6
Sviland;SN44800;14.05.2023;0;0;-;-
Sola;SN44560;14.05.2023;-;-;8,7;8,5
Sviland;SN44800;15.05.2023;0;0;-;-
Sola;SN44560;15.05.2023;-;-;8,1;8,1
Sviland;SN44800;16.05.2023;0;0;-;-
Sola;SN44560;16.05.2023;-;-;8,1;13,4
Sviland;SN44800;17.05.2023;0,2;0;-;-
Sola;SN44560;17.05.2023;-;-;6,3;13
Sviland;SN44800;18.05.2023;0;0;-;-
Sola;SN44560;18.05.2023;-;-;9,2;7,5
Sviland;SN44800;19.05.2023;0;0;-;-
Sola;SN44560;19.05.2023;-;-;11,2;7,7
Sviland;SN44800;20.05.2023;0;0;-;-
Sola;SN44560;20.05.2023;-;-;9,2;6,2
Sviland;SN44800;21.05.2023;0;0;-;-
Sola;SN44560;21.05.2023;-;-;11,9;6,6
Sviland;SN44800;22.05.2023;0;0;-;-
Sola;SN44560;22.05.2023;-;-;11,9;7
Sviland;SN44800;23.05.2023;5;0;-;-
Sola;SN44560;23.05.2023;-;-;10,1;12,9
Sviland;SN44800;24.05.2023;0;0;-;-
Sola;SN44560;24.05.2023;-;-;9,8;8,5
Sviland;SN44800;25.05.2023;0,8;0;-;-
Sola;SN44560;25.05.2023;-;-;10,2;9
Sviland;SN44800;26.05.2023;0;0;-;-
Sola;SN44560;26.05.2023;-;-;10;9,7
Sviland;SN44800;27.05.2023;0;0;-;-
Sola;SN44560;27.05.2023;-;-;9,5;10,2
Sviland;SN44800;28.05.2023;5;0;-;-
Sola;SN44560;28.05.2023;-;-;9,3;10,6
Sviland;SN44800;29.05.2023;0,1;0;-;-
Sola;SN44560;29.05.2023;-;-;9,2;10,1
Sviland;SN44800;30.05.2023;2,3;0;-;-
Sola;SN44560;30.05.2023;-;-;10,6;9,2
Sviland;SN44800;31.05.2023;0;0;-;-
Sola;SN44560;31.05.2023;-;-;10,3;9,9
Sviland;SN44800;01.06.2023;0,1;0;-;-
Sola;SN44560;01.06.2023;-;-;10,6;12,2
Sviland;SN44800;02.06.2023;0;0;-;-
Sola;SN44560;02.06.2023;-;-;10,3;7,8
Sviland;SN44800;03.06.2023;0;0;-;-
Sola;SN44560;03.06.2023;-;-;10,2;9,8
Sviland;SN44800;04.06.2023;0;0;-;-
Sola;SN44560;04.06.2023;-;-;11,2;8,5
Sviland;SN44800;05.06.2023;0;0;-;-
Sola;SN44560;05.06.2023;-;-;11,1;11,3
Sviland;SN44800;06.06.2023;0;0;-;-
Sola;SN44560;06.06.2023;-;-;11,6;12,7
Sviland;SN44800;07.06.2023;0;0;-;-
Sola;SN44560;07.06.2023;-;-;11,5;11,6
Sviland;SN44800;08.06.2023;0;0;-;-
Sola;SN44560;08.06.2023;-;-;11;10
Sviland;SN44800;09.06.2023;0;0;-;-
Sola;SN44560;09.06.2023;-;-;13,3;6,5
Sviland;SN44800;10.06.2023;0;0;-;-
Sola;SN44560;10.06.2023;-;-;17,9;9,6
Sviland;SN44800;11.06.2023;0;0;-;-
Sola;SN44560;11.06.2023;-;-;19,9;9,5
Sviland;SN44800;12.06.2023;0;0;-;-
Sola;SN44560;12.06.2023;-;-;19,6;8,1
Sviland;SN44800;13.06.2023;0;0;-;-
Sola;SN44560;13.06.2023;-;-;17,3;6,4
Sviland;SN44800;14.06.2023;0;0;-;-
Sola;SN44560;14.06.2023;-;-;17;5,2
Sviland;SN44800;15.06.2023;0;0;-;-
Sola;SN44560;15.06.2023;-;-;19;5,8
Sviland;SN44800;16.06.2023;0;0;-;-
Sola;SN44560;16.06.2023;-;-;15,9;7,3
Sviland;SN44800;17.06.2023;0;0;-;-
Sola;SN44560;17.06.2023;-;-;13,9;5,5
Sviland;SN44800;18.06.2023;0;0;-;-
Sola;SN44560;18.06.2023;-;-;17,1;7,8
Sviland;SN44800;19.06.2023;0;0;-;-
Sola;SN44560;19.06.2023;-;-;18,4;5,5
Sviland;SN44800;20.06.2023;3,5;0;-;-
Sola;SN44560;20.06.2023;-;-;18,7;7,5
Sviland;SN44800;21.06.2023;0;0;-;-
Sola;SN44560;21.06.2023;-;-;17,4;10,2
Sviland;SN44800;22.06.2023;2,5;0;-;-
Sola;SN44560;22.06.2023;-;-;16,3;6,5
Sviland;SN44800;23.06.2023;0,1;0;-;-
Sola;SN44560;23.06.2023;-;-;15,4;9,1
Sviland;SN44800;24.06.2023;0;0;-;-
Sola;SN44560;24.06.2023;-;-;17;6,3
Sviland;SN44800;25.06.2023;0;0;-;-
Sola;SN44560;25.06.2023;-;-;19,1;7,7
Sviland;SN44800;26.06.2023;0;0;-;-
Sola;SN44560;26.06.2023;-;-;17,4;9,9
Sviland;SN44800;27.06.2023;38;0;-;-
Sola;SN44560;27.06.2023;-;-;15,1;13,7
Sviland;SN44800;28.06.2023;3,5;0;-;-
Sola;SN44560;28.06.2023;-;-;15,7;7,5
Sviland;SN44800;29.06.2023;4;0;-;-
Sola;SN44560;29.06.2023;-;-;14,4;8,8
Sviland;SN44800;30.06.2023;17,5;0;-;-
Sola;SN44560;30.06.2023;-;-;14,2;9,2
Sviland;SN44800;01.07.2023;7,5;0;-;-
Sola;SN44560;01.07.2023;-;-;14,9;6
Sviland;SN44800;02.07.2023;17;0;-;-
Sola;SN44560;02.07.2023;-;-;14,6;7,8
Sviland;SN44800;03.07.2023;36;0;-;-
Sola;SN44560;03.07.2023;-;-;12,3;13,2
Sviland;SN44800;04.07.2023;80;0;-;-
Sola;SN44560;04.07.2023;-;-;13,9;9,6
Sviland;SN44800;05.07.2023;0,1;0;-;-
Sola;SN44560;05.07.2023;-;-;14,2;8,6
Sviland;SN44800;06.07.2023;5,8;0;-;-
Sola;SN44560;06.07.2023;-;-;14,3;6,5
Sviland;SN44800;07.07.2023;0,1;0;-;-
Sola;SN44560;07.07.2023;-;-;15,7;4,7
Sviland;SN44800;08.07.2023;0;0;-;-
Sola;SN44560;08.07.2023;-;-;17,3;5
Sviland;SN44800;09.07.2023;0;0;-;-
Sola;SN44560;09.07.2023;-;-;20,9;5,4
Sviland;SN44800;10.07.2023;7,5;0;-;-
Sola;SN44560;10.07.2023;-;-;16,3;5,9
Sviland;SN44800;11.07.2023;19;0;-;-
Sola;SN44560;11.07.2023;-;-;14,8;9,6
Sviland;SN44800;12.07.2023;27;0;-;-
Sola;SN44560;12.07.2023;-;-;16;10
Sviland;SN44800;13.07.2023;4;0;-;-
Sola;SN44560;13.07.2023;-;-;14,7;8,1
Sviland;SN44800;14.07.2023;20;0;-;-
Sola;SN44560;14.07.2023;-;-;15,5;6,4
Sviland;SN44800;15.07.2023;1,5;0;-;-
Sola;SN44560;15.07.2023;-;-;17,1;11,5
Sviland;SN44800;16.07.2023;15,5;0;-;-
Sola;SN44560;16.07.2023;-;-;16,2;12,5
Sviland;SN44800;17.07.2023;19;0;-;-
Sola;SN44560;17.07.2023;-;-;14,2;9,5
Sviland;SN44800;18.07.2023;22;0;-;-
Sola;SN44560;18.07.2023;-;-;13,4;8,1
Sviland;SN44800;19.07.2023;9;0;-;-
Sola;SN44560;19.07.2023;-;-;12,8;9,3
Sviland;SN44800;20.07.2023;18;0;-;-
Sola;SN44560;20.07.2023;-;-;12,8;8,9
Sviland;SN44800;21.07.2023;20;0;-;-
Sola;SN44560;21.07.2023;-;-;13,1;9,1
Sviland;SN44800;22.07.2023;9;0;-;-
Sola;SN44560;22.07.2023;-;-;13,8;7,2
Sviland;SN44800;23.07.2023;3;0;-;-
Sola;SN44560;23.07.2023;-;-;14,8;6,5
Sviland;SN44800;24.07.2023;5;0;-;-
Sola;SN44560;24.07.2023;-;-;15,4;7,1
Sviland;SN44800;25.07.2023;0,2;0;-;-
Sola;SN44560;25.07.2023;-;-;13,5;12,4
Sviland;SN44800;26.07.2023;64,5;0;-;-
Sola;SN44560;26.07.2023;-;-;14,9;15,8
Sviland;SN44800;27.07.2023;0,1;0;-;-
Sola;SN44560;27.07.2023;-;-;15,1;6,3
Sviland;SN44800;28.07.2023;0;0;-;-
Sola;SN44560;28.07.2023;-;-;15,1;5,6
Sviland;SN44800;29.07.2023;0;0;-;-
Sola;SN44560;29.07.2023;-;-;16,4;6,6
Sviland;SN44800;30.07.2023;5,5;0;-;-
Sola;SN44560;30.07.2023;-;-;15,7;7,4
Sviland;SN44800;31.07.2023;24;0;-;-
Sola;SN44560;31.07.2023;-;-;15,3;6,9
Sviland;SN44800;01.08.2023;0,4;0;-;-
Sola;SN44560;01.08.2023;-;-;16,4;8,9
Sviland;SN44800;02.08.2023;0;0;-;-
Sola;SN44560;02.08.2023;-;-;17,2;7
Sviland;SN44800;03.08.2023;3,3;0;-;-
Sola;SN44560;03.08.2023;-;-;16,4;8,5
Sviland;SN44800;04.08.2023;0,1;0;-;-
Sola;SN44560;04.08.2023;-;-;15;12,1
Sviland;SN44800;05.08.2023;0;0;-;-
Sola;SN44560;05.08.2023;-;-;14,1;8,7
Sviland;SN44800;06.08.2023;0;0;-;-
Sola;SN44560;06.08.2023;-;-;15,3;5,6
Sviland;SN44800;07.08.2023;0;0;-;-
Sola;SN44560;07.08.2023;-;-;14;14,7
Sviland;SN44800;08.08.2023;25;0;-;-
Sola;SN44560;08.08.2023;-;-;11,2;18
Sviland;SN44800;09.08.2023;55;0;-;-
Sola;SN44560;09.08.2023;-;-;11,6;15,1
Sviland;SN44800;10.08.2023;9;0;-;-
Sola;SN44560;10.08.2023;-;-;12,1;8,9
Sviland;SN44800;11.08.2023;0,5;0;-;-
Sola;SN44560;11.08.2023;-;-;14,8;5,8
Sviland;SN44800;12.08.2023;0;0;-;-
Sola;SN44560;12.08.2023;-;-;16,9;9,8
Sviland;SN44800;13.08.2023;0;0;-;-
Sola;SN44560;13.08.2023;-;-;16,3;8,5
Sviland;SN44800;14.08.2023;10;0;-;-
Sola;SN44560;14.08.2023;-;-;15,9;7
Sviland;SN44800;15.08.2023;20,5;0;-;-
Sola;SN44560;15.08.2023;-;-;16,7;7,3
Sviland;SN44800;16.08.2023;18,2;0;-;-
Sola;SN44560;16.08.2023;-;-;15,1;8,5
Sviland;SN44800;17.08.2023;0,3;0;-;-
Sola;SN44560;17.08.2023;-;-;-;6,7
Sviland;SN44800;18.08.2023;0;0;-;-
Sola;SN44560;18.08.2023;-;-;-;4,9
Sviland;SN44800;19.08.2023;0;0;-;-
Sola;SN44560;19.08.2023;-;-;-;12,5
Sviland;SN44800;20.08.2023;6,3;0;-;-
Sola;SN44560;20.08.2023;-;-;17,5;7,9
Sviland;SN44800;21.08.2023;2;0;-;-
Sola;SN44560;21.08.2023;-;-;16,6;6,3
Sviland;SN44800;22.08.2023;3,2;0;-;-
Sola;SN44560;22.08.2023;-;-;16,8;7,4
Sviland;SN44800;23.08.2023;3;0;-;-
Sola;SN44560;23.08.2023;-;-;15,4;6,7
Sviland;SN44800;24.08.2023;4,5;0;-;-
Sola;SN44560;24.08.2023;-;-;14,3;4,9
Sviland;SN44800;25.08.2023;24;0;-;-
Sola;SN44560;25.08.2023;-;-;14,3;4,8
Sviland;SN44800;26.08.2023;12,5;0;-;-
Sola;SN44560;26.08.2023;-;-;14,6;4,2
Sviland;SN44800;27.08.2023;3;0;-;-
Sola;SN44560;27.08.2023;-;-;14,3;5,3
Sviland;SN44800;28.08.2023;6,2;0;-;-
Sola;SN44560;28.08.2023;-;-;14,3;6,9
Sviland;SN44800;29.08.2023;4,5;0;-;-
Sola;SN44560;29.08.2023;-;-;14;6,8
Sviland;SN44800;30.08.2023;4,5;0;-;-
Sola;SN44560;30.08.2023;-;-;14,5;5,1
Sviland;SN44800;31.08.2023;4;0;-;-
Sola;SN44560;31.08.2023;-;-;15,6;6,3
Sviland;SN44800;01.09.2023;0,1;0;-;-
Sola;SN44560;01.09.2023;-;-;14,5;8,1
Sviland;SN44800;02.09.2023;0;0;-;-
Sola;SN44560;02.09.2023;-;-;13,9;9,1
Sviland;SN44800;03.09.2023;0;0;-;-
Sola;SN44560;03.09.2023;-;-;14,7;5,9
Sviland;SN44800;04.09.2023;4,4;0;-;-
Sola;SN44560;04.09.2023;-;-;17,1;8,3
Sviland;SN44800;05.09.2023;0;0;-;-
Sola;SN44560;05.09.2023;-;-;15,6;6
Sviland;SN44800;06.09.2023;0;0;-;-
Sola;SN44560;06.09.2023;-;-;14,6;5,1
Sviland;SN44800;07.09.2023;0;0;-;-
Sola;SN44560;07.09.2023;-;-;18,7;6
Sviland;SN44800;08.09.2023;0;0;-;-
Sola;SN44560;08.09.2023;-;-;20,3;6,3
Sviland;SN44800;09.09.2023;0;0;-;-
Sola;SN44560;09.09.2023;-;-;18,8;7,8
Sviland;SN44800;10.09.2023;0;0;-;-
Sola;SN44560;10.09.2023;-;-;17,9;6,9
Sviland;SN44800;11.09.2023;9,5;0;-;-
Sola;SN44560;11.09.2023;-;-;17,3;10,1
Sviland;SN44800;12.09.2023;5;0;-;-
Sola;SN44560;12.09.2023;-;-;13,6;7,8
Sviland;SN44800;13.09.2023;1,2;0;-;-
Sola;SN44560;13.09.2023;-;-;11,9;9,1
Sviland;SN44800;14.09.2023;0;0;-;-
Sola;SN44560;14.09.2023;-;-;12;10,3
Sviland;SN44800;15.09.2023;1,5;0;-;-
Sola;SN44560;15.09.2023;-;-;13,3;5,4
Sviland;SN44800;16.09.2023;17;0;-;-
Sola;SN44560;16.09.2023;-;-;12,6;7,7
Sviland;SN44800;17.09.2023;0;0;-;-
Sola;SN44560;17.09.2023;-;-;12,5;5,3
Sviland;SN44800;18.09.2023;7,1;0;-;-
Sola;SN44560;18.09.2023;-;-;16,8;11,6
Sviland;SN44800;19.09.2023;33,5;0;-;-
Sola;SN44560;19.09.2023;-;-;11,9;10,4
Sviland;SN44800;20.09.2023;13;0;-;-
Sola;SN44560;20.09.2023;-;-;14,9;11
Sviland;SN44800;21.09.2023;28;0;-;-
Sola;SN44560;21.09.2023;-;-;14,6;11
Sviland;SN44800;22.09.2023;6;0;-;-
Sola;SN44560;22.09.2023;-;-;13,1;6,7
Sviland;SN44800;23.09.2023;16;0;-;-
Sola;SN44560;23.09.2023;-;-;12,1;9,3
Sviland;SN44800;24.09.2023;8;0;-;-
Sola;SN44560;24.09.2023;-;-;13,1;11,2
Sviland;SN44800;25.09.2023;29;0;-;-
Sola;SN44560;25.09.2023;-;-;15,8;12,7
Sviland;SN44800;26.09.2023;10;0;-;-
Sola;SN44560;26.09.2023;-;-;15,9;9,1
Sviland;SN44800;27.09.2023;6;0;-;-
Sola;SN44560;27.09.2023;-;-;15,3;11,7
Sviland;SN44800;28.09.2023;0;0;-;-
Sola;SN44560;28.09.2023;-;-;16;12,9
Sviland;SN44800;29.09.2023;15;0;-;-
Sola;SN44560;29.09.2023;-;-;14,6;8,5
Sviland;SN44800;30.09.2023;25;0;-;-
Sola;SN44560;30.09.2023;-;-;12,8;10,9
Sviland;SN44800;01.10.2023;7,5;0;-;-
Sola;SN44560;01.10.2023;-;-;12,2;7,3
Sviland;SN44800;02.10.2023;2,5;0;-;-
Sola;SN44560;02.10.2023;-;-;13,2;6,9
Sviland;SN44800;03.10.2023;0,1;0;-;-
Sola;SN44560;03.10.2023;-;-;12,5;8,4
Sviland;SN44800;04.10.2023;16,5;0;-;-
Sola;SN44560;04.10.2023;-;-;12,3;12,7
Sviland;SN44800;05.10.2023;20;0;-;-
Sola;SN44560;05.10.2023;-;-;11,9;12,4
Sviland;SN44800;06.10.2023;6,5;0;-;-
Sola;SN44560;06.10.2023;-;-;13;11,9
Sviland;SN44800;07.10.2023;15,5;0;-;-
Sola;SN44560;07.10.2023;-;-;9;15,6
Sviland;SN44800;08.10.2023;0;0;-;-
Sola;SN44560;08.10.2023;-;-;7,5;7,7
Sviland;SN44800;09.10.2023;0;0;-;-
Sola;SN44560;09.10.2023;-;-;6,7;5,8
Sviland;SN44800;10.10.2023;0;0;-;-
Sola;SN44560;10.10.2023;-;-;11,6;9,1
Sviland;SN44800;11.10.2023;27;0;-;-
Sola;SN44560;11.10.2023;-;-;11,2;16,6
Sviland;SN44800;12.10.2023;19;0;-;-
Sola;SN44560;12.10.2023;-;-;9,7;15,8
Sviland;SN44800;13.10.2023;3,5;0;-;-
Sola;SN44560;13.10.2023;-;-;10,6;9
Sviland;SN44800;14.10.2023;13,5;0;-;-
Sola;SN44560;14.10.2023;-;-;9,1;20,6
Sviland;SN44800;15.10.2023;25;0;-;-
Sola;SN44560;15.10.2023;-;-;7;19,5
Sviland;SN44800;16.10.2023;6;0;-;-
Sola;SN44560;16.10.2023;-;-;7,2;12,5
Sviland;SN44800;17.10.2023;12,5;0;-;-
Sola;SN44560;17.10.2023;-;-;9,8;10,5
Sviland;SN44800;18.10.2023;5;0;-;-
Sola;SN44560;18.10.2023;-;-;7,3;5
Sviland;SN44800;19.10.2023;0;0;-;-
Sola;SN44560;19.10.2023;-;-;6,6;14,1
Sviland;SN44800;20.10.2023;0;0;-;-
Sola;SN44560;20.10.2023;-;-;5,4;12,2
Sviland;SN44800;21.10.2023;0;0;-;-
Sola;SN44560;21.10.2023;-;-;7,3;14,5
Sviland;SN44800;22.10.2023;0;0;-;-
Sola;SN44560;22.10.2023;-;-;9,8;10,1
Sviland;SN44800;23.10.2023;5,5;0;-;-
Sola;SN44560;23.10.2023;-;-;8,8;3,8
Sviland;SN44800;24.10.2023;1;0;-;-
Sola;SN44560;24.10.2023;-;-;9;8,4
Sviland;SN44800;25.10.2023;0;0;-;-
Sola;SN44560;25.10.2023;-;-;7,8;6,6
Sviland;SN44800;26.10.2023;0;0;-;-
Sola;SN44560;26.10.2023;-;-;5,7;8,6
Sviland;SN44800;27.10.2023;0;0;-;-
Sola;SN44560;27.10.2023;-;-;-;2,5
Sviland;SN44800;28.10.2023;0;0;-;-
Sola;SN44560;28.10.2023;-;-;-;6,1
Sviland;SN44800;29.10.2023;0;0;-;-
Sola;SN44560;29.10.2023;-;-;7,3;10,7
Sviland;SN44800;30.10.2023;0,3;0;-;-
Sola;SN44560;30.10.2023;-;-;5,1;4,9
Sviland;SN44800;31.10.2023;0,6;0;-;-
Sola;SN44560;31.10.2023;-;-;2,2;4
Sviland;SN44800;01.11.2023;0,5;0;-;-
Sola;SN44560;01.11.2023;-;-;3,4;11,2
Sviland;SN44800;02.11.2023;5;0;-;-
Sola;SN44560;02.11.2023;-;-;8,4;14,6
Sviland;SN44800;03.11.2023;0,5;0;-;-
Sola;SN44560;03.11.2023;-;-;10,3;13,6
Sviland;SN44800;04.11.2023;7;0;-;-
Sola;SN44560;04.11.2023;-;-;10,1;9,6
Sviland;SN44800;05.11.2023;6;0;-;-
Sola;SN44560;05.11.2023;-;-;8,4;7,3
Sviland;SN44800;06.11.2023;0,8;0;-;-
Sola;SN44560;06.11.2023;-;-;7,4;2,8
Sviland;SN44800;07.11.2023;0,2;0;-;-
Sola;SN44560;07.11.2023;-;-;5,5;3,1
Sviland;SN44800;08.11.2023;0;0;-;-
Sola;SN44560;08.11.2023;-;-;4,6;7,7
Sviland;SN44800;09.11.2023;2,5;0;-;-
Sola;SN44560;09.11.2023;-;-;6,8;11,8
Sviland;SN44800;10.11.2023;0,1;0;-;-
Sola;SN44560;10.11.2023;-;-;7,2;6
Sviland;SN44800;11.11.2023;0,7;0;-;-
Sola;SN44560;11.11.2023;-;-;4,1;3
Sviland;SN44800;12.11.2023;0;0;-;-
Sola;SN44560;12.11.2023;-;-;2,5;2,2
Sviland;SN44800;13.11.2023;0,2;0;-;-
Sola;SN44560;13.11.2023;-;-;5,2;7
Sviland;SN44800;14.11.2023;0;0;-;-
Sola;SN44560;14.11.2023;-;-;3,3;9,3
Sviland;SN44800;15.11.2023;0;0;-;-
Sola;SN44560;15.11.2023;-;-;2,2;5,2
Sviland;SN44800;16.11.2023;6;8;-;-
Sola;SN44560;16.11.2023;-;-;1,5;5,9
Sviland;SN44800;17.11.2023;1;8;-;-
Sola;SN44560;17.11.2023;-;-;0,7;3,5
Sviland;SN44800;18.11.2023;0;8;-;-
Sola;SN44560;18.11.2023;-;-;4,6;12,3
Sviland;SN44800;19.11.2023;1;0;-;-
Sola;SN44560;19.11.2023;-;-;5,3;12,3
Sviland;SN44800;20.11.2023;0;0;-;-
Sola;SN44560;20.11.2023;-;-;4,9;3,4
Sviland;SN44800;21.11.2023;0,8;0;-;-
Sola;SN44560;21.11.2023;-;-;3,6;5
Sviland;SN44800;22.11.2023;2,5;0;-;-
Sola;SN44560;22.11.2023;-;-;7,6;10,8
Sviland;SN44800;23.11.2023;46;0;-;-
Sola;SN44560;23.11.2023;-;-;-;19,5
Sviland;SN44800;24.11.2023;13;5;-;-
Sola;SN44560;24.11.2023;-;-;3,7;20,2
Sviland;SN44800;25.11.2023;1,7;3;-;-
Sola;SN44560;25.11.2023;-;-;2,3;9,4
Sviland;SN44800;26.11.2023;0;3;-;-
Sola;SN44560;26.11.2023;-;-;0,8;7,2
Sviland;SN44800;27.11.2023;3,2;3;-;-
Sola;SN44560;27.11.2023;-;-;1;8,2
Sviland;SN44800;28.11.2023;1;3;-;-
Sola;SN44560;28.11.2023;-;-;-3,7;6,5
Sviland;SN44800;29.11.2023;0;3;-;-
Sola;SN44560;29.11.2023;-;-;-3,4;5
Sviland;SN44800;30.11.2023;0;3;-;-
Sola;SN44560;30.11.2023;0;-;-3,4;5,9
Sviland;SN44800;01.12.2023;0;3;-;-
Sola;SN44560;01.12.2023;0;-;-5,3;3,2
Sviland;SN44800;02.12.2023;0;3;-;-
Sola;SN44560;02.12.2023;0;-;-1,9;5
Sviland;SN44800;03.12.2023;1,5;5;-;-
Sola;SN44560;03.12.2023;0,5;-;0,3;6,6
Sviland;SN44800;04.12.2023;1;6;-;-
Sola;SN44560;04.12.2023;0,8;-;-3,8;3,9
Sviland;SN44800;05.12.2023;0;6;-;-
Sola;SN44560;05.12.2023;0,1;-;-5,3;3,1
Sviland;SN44800;06.12.2023;0;6;-;-
Sola;SN44560;06.12.2023;0;-;-3,4;3,8
Sviland;SN44800;07.12.2023;0;6;-;-
Sola;SN44560;07.12.2023;0;-;-2,9;5
Sviland;SN44800;08.12.2023;0;6;-;-
Sola;SN44560;08.12.2023;0;-;1,7;8,2
Sviland;SN44800;09.12.2023;0;6;-;-
Sola;SN44560;09.12.2023;0;-;4,6;10,7
Sviland;SN44800;10.12.2023;0,1;3;-;-
Sola;SN44560;10.12.2023;0;-;4,6;9,8
Sviland;SN44800;11.12.2023;0;3;-;-
Sola;SN44560;11.12.2023;0;-;3,6;5,6
Sviland;SN44800;12.12.2023;0;3;-;-
Sola;SN44560;12.12.2023;0;-;-;6,6
Sviland;SN44800;13.12.2023;0;3;-;-
Sola;SN44560;13.12.2023;0;-;-2,6;4,5
Sviland;SN44800;14.12.2023;0;3;-;-
Sola;SN44560;14.12.2023;0;-;0;8,3
Sviland;SN44800;15.12.2023;2,5;0;-;-
Sola;SN44560;15.12.2023;0,8;-;-;8,2
Sviland;SN44800;16.12.2023;5;0;-;-
Sola;SN44560;16.12.2023;0,6;-;-;10,6
Sviland;SN44800;17.12.2023;28;0;-;-
Sola;SN44560;17.12.2023;8,2;-;-;10,2
Sviland;SN44800;18.12.2023;56,5;0;-;-
Sola;SN44560;18.12.2023;21,8;-;-;8
Sviland;SN44800;19.12.2023;21;0;-;-
Sola;SN44560;19.12.2023;9,2;-;6;10,5
Sviland;SN44800;20.12.2023;10;0;-;-
Sola;SN44560;20.12.2023;9,1;-;4,1;13,8
Sviland;SN44800;21.12.2023;23;2;-;-
Sola;SN44560;21.12.2023;19,4;-;4,7;24,3
Sviland;SN44800;22.12.2023;11;2;-;-
Sola;SN44560;22.12.2023;7,1;-;1;20,4
Sviland;SN44800;23.12.2023;10,5;10;-;-
Sola;SN44560;23.12.2023;7;-;0,8;15,5
Sviland;SN44800;24.12.2023;0;10;-;-
Sola;SN44560;24.12.2023;1,6;-;3,4;13,2
Sviland;SN44800;25.12.2023;17;0;-;-
Sola;SN44560;25.12.2023;4,7;-;4,1;18,7
Sviland;SN44800;26.12.2023;6;2;-;-
Sola;SN44560;26.12.2023;0,9;-;2,8;10,8
Sviland;SN44800;27.12.2023;3,5;2;-;-
Sola;SN44560;27.12.2023;2,4;-;1;12,6
Sviland;SN44800;28.12.2023;3,5;5;-;-
Sola;SN44560;28.12.2023;0,4;-;4;14,9
Sviland;SN44800;29.12.2023;21;0;-;-
Sola;SN44560;29.12.2023;13,4;-;5,1;9,1
Sviland;SN44800;30.12.2023;21,5;0;-;-
Sola;SN44560;30.12.2023;12,4;-;2,7;7,8
Sviland;SN44800;31.12.2023;0;0;-;-
Sola;SN44560;31.12.2023;0;-;4,3;12,8
Sviland;SN44800;01.01.2024;0;0;-;-
Sola;SN44560;01.01.2024;0;-;3,1;15,2
Sviland;SN44800;02.01.2024;0;0;-;-
Sola;SN44560;02.01.2024;0;-;0;14,6
Sviland;SN44800;03.01.2024;0;0;-;-
Sola;SN44560;03.01.2024;0,1;-;-1,9;14,8
Sviland;SN44800;04.01.2024;0;0;-;-
Sola;SN44560;04.01.2024;0,1;-;-5,8;7,2
Sviland;SN44800;05.01.2024;0;0;-;-
Sola;SN44560;05.01.2024;0;-;-8,1;8,2
Sviland;SN44800;06.01.2024;0;0;-;-
Sola;SN44560;06.01.2024;0,1;-;-9,3;3,5
Sviland;SN44800;07.01.2024;0;0;-;-
Sola;SN44560;07.01.2024;0;-;-7,5;7,4
Sviland;SN44800;08.01.2024;0;0;-;-
Sola;SN44560;08.01.2024;0;-;-6,3;3,7
Sviland;SN44800;09.01.2024;0;0;-;-
Sola;SN44560;09.01.2024;0;-;-3,3;2,8
Sviland;SN44800;10.01.2024;0;0;-;-
Sola;SN44560;10.01.2024;0;-;-5;3
Sviland;SN44800;11.01.2024;0;0;-;-
Sola;SN44560;11.01.2024;0;-;-;7,9
Sviland;SN44800;12.01.2024;0;0;-;-
Sola;SN44560;12.01.2024;0,1;-;-;8,3
Sviland;SN44800;13.01.2024;15,2;0;-;-
Sola;SN44560;13.01.2024;5,1;-;4,1;13,9
Sviland;SN44800;14.01.2024;4;0;-;-
Sola;SN44560;14.01.2024;1,1;-;1,9;11,1
Sviland;SN44800;15.01.2024;4,5;3;-;-
Sola;SN44560;15.01.2024;4,2;-;-2,9;10,9
Sviland;SN44800;16.01.2024;2,2;5;-;-
Sola;SN44560;16.01.2024;1;-;-2,8;7,9
Sviland;SN44800;17.01.2024;8,5;12;-;-
Sola;SN44560;17.01.2024;6,4;-;-3,9;5,7
Sviland;SN44800;18.01.2024;2;13;-;-
Sola;SN44560;18.01.2024;0,5;-;-3,4;13,5
Sviland;SN44800;19.01.2024;17,5;30;-;-
Sola;SN44560;19.01.2024;8,5;-;0,8;16
Sviland;SN44800;20.01.2024;10;15;-;-
Sola;SN44560;20.01.2024;4,4;-;0,3;10,4
Sviland;SN44800;21.01.2024;18,9;12;-;-
Sola;SN44560;21.01.2024;24,9;-;4,2;12,7
Sviland;SN44800;22.01.2024;36,1;8;-;-
Sola;SN44560;22.01.2024;27,4;-;7,3;18,5
Sviland;SN44800;23.01.2024;4,5;0;-;-
Sola;SN44560;23.01.2024;1,2;-;5,8;13
Sviland;SN44800;24.01.2024;10,2;0;-;-
Sola;SN44560;24.01.2024;6,7;-;7,3;15,9
Sviland;SN44800;25.01.2024;24;0;-;-
Sola;SN44560;25.01.2024;6,5;-;5;16,5
Sviland;SN44800;26.01.2024;7;0;-;-
Sola;SN44560;26.01.2024;3,6;-;6;17,3
Sviland;SN44800;27.01.2024;5,2;0;-;-
Sola;SN44560;27.01.2024;3,3;-;6,1;10,1
Sviland;SN44800;28.01.2024;0,1;0;-;-
Sola;SN44560;28.01.2024;0;-;6,7;12,7
Sviland;SN44800;29.01.2024;3,3;0;-;-
Sola;SN44560;29.01.2024;1,2;-;5,6;13,8
Sviland;SN44800;30.01.2024;0,8;0;-;-
Sola;SN44560;30.01.2024;0;-;2,4;5,4
Sviland;SN44800;31.01.2024;5;0;-;-
Sola;SN44560;31.01.2024;4;-;4,6;14,1
Sviland;SN44800;01.02.2024;30,5;0;-;-
Sola;SN44560;01.02.2024;14,2;-;4,9;19,5
Sviland;SN44800;02.02.2024;21,5;0;-;-
Sola;SN44560;02.02.2024;14,2;-;7,1;8,8
Sviland;SN44800;03.02.2024;23,5;0;-;-
Sola;SN44560;03.02.2024;4,6;-;6;15,9
Sviland;SN44800;04.02.2024;6;0;-;-
Sola;SN44560;04.02.2024;1,9;-;5,3;13,4
Sviland;SN44800;05.02.2024;4,5;0;-;-
Sola;SN44560;05.02.2024;4,4;-;2,7;13,2
Sviland;SN44800;06.02.2024;0,2;0;-;-
Sola;SN44560;06.02.2024;0,1;-;0,2;9,8
Sviland;SN44800;07.02.2024;12;12;-;-
Sola;SN44560;07.02.2024;5,6;-;-0,7;9,2
Sviland;SN44800;08.02.2024;10;22;-;-
Sola;SN44560;08.02.2024;11;-;-2,4;4,6
Sviland;SN44800;09.02.2024;0;22;-;-
Sola;SN44560;09.02.2024;0,4;-;-4,1;9,9
Sviland;SN44800;10.02.2024;0;22;-;-
Sola;SN44560;10.02.2024;0;-;-1,1;12,6
Sviland;SN44800;11.02.2024;7;20;-;-
Sola;SN44560;11.02.2024;10,9;-;2,4;6,1
Sviland;SN44800;12.02.2024;2;20;-;-
Sola;SN44560;12.02.2024;12,6;-;1,5;7,9
Sviland;SN44800;13.02.2024;2;18;-;-
Sola;SN44560;13.02.2024;3,1;-;2;10,6
Sviland;SN44800;14.02.2024;6;15;-;-
Sola;SN44560;14.02.2024;4,8;-;3,6;7,9
Sviland;SN44800;15.02.2024;0,1;15;-;-
Sola;SN44560;15.02.2024;0,3;-;4,8;9,6
Sviland;SN44800;16.02.2024;23,5;0;-;-
Sola;SN44560;16.02.2024;9,8;-;5,9;12,7
Sviland;SN44800;17.02.2024;1,1;0;-;-
Sola;SN44560;17.02.2024;0,3;-;2,4;8,7
Sviland;SN44800;18.02.2024;0,4;0;-;-
Sola;SN44560;18.02.2024;1,3;-;4,8;8,8
Sviland;SN44800;19.02.2024;13,7;0;-;-
Sola;SN44560;19.02.2024;9,7;-;6,2;7,3
Sviland;SN44800;20.02.2024;5;0;-;-
Sola;SN44560;20.02.2024;0,8;-;6,3;9
Sviland;SN44800;21.02.2024;18;0;-;-
Sola;SN44560;21.02.2024;6,5;-;5,6;12
Sviland;SN44800;22.02.2024;10,6;0;-;-
Sola;SN44560;22.02.2024;6,3;-;6;13,3
Sviland;SN44800;23.02.2024;32;2;-;-
Sola;SN44560;23.02.2024;23,7;-;4,7;13,2
Sviland;SN44800;24.02.2024;11;2;-;-
Sola;SN44560;24.02.2024;5,2;-;5;7,1
Sviland;SN44800;25.02.2024;1;0;-;-
Sola;SN44560;25.02.2024;1,5;-;3,4;5,4
Sviland;SN44800;26.02.2024;0,5;0;-;-
Sola;SN44560;26.02.2024;0,5;-;1,9;4,8
Sviland;SN44800;27.02.2024;0,1;0;-;-
Sola;SN44560;27.02.2024;0;-;3,5;11,9
Sviland;SN44800;28.02.2024;15;0;-;-
Sola;SN44560;28.02.2024;9,6;-;5,9;9,8
Sviland;SN44800;29.02.2024;10;0;-;-
Sola;SN44560;29.02.2024;6,9;-;7,1;13,7
Sviland;SN44800;01.03.2024;18;0;-;-
Sola;SN44560;01.03.2024;8,6;-;5,3;10,1
Sviland;SN44800;02.03.2024;5,2;0;-;-
Sola;SN44560;02.03.2024;8,1;-;8,1;11,4
Sviland;SN44800;03.03.2024;0,1;0;-;-
Sola;SN44560;03.03.2024;0;-;9,3;6,6
Sviland;SN44800;04.03.2024;0;0;-;-
Sola;SN44560;04.03.2024;0,6;-;8,7;10,5
Sviland;SN44800;05.03.2024;0;0;-;-
Sola;SN44560;05.03.2024;0;-;6,1;7,5
Sviland;SN44800;06.03.2024;0;0;-;-
Sola;SN44560;06.03.2024;0;-;2,2;7,5
Sviland;SN44800;07.03.2024;0;0;-;-
Sola;SN44560;07.03.2024;0,3;-;2,9;3,5
Sviland;SN44800;08.03.2024;0;0;-;-
Sola;SN44560;08.03.2024;0,1;-;1,7;4,7
Sviland;SN44800;09.03.2024;0;0;-;-
Sola;SN44560;09.03.2024;0,1;-;3,1;6,6
Sviland;SN44800;10.03.2024;0;0;-;-
Sola;SN44560;10.03.2024;0,1;-;2,1;6,9
Sviland;SN44800;11.03.2024;0;0;-;-
Sola;SN44560;11.03.2024;0;-;4,8;3,9
Sviland;SN44800;12.03.2024;0;0;-;-
Sola;SN44560;12.03.2024;0;-;4,3;3,7
Sviland;SN44800;13.03.2024;0;0;-;-
Sola;SN44560;13.03.2024;0;-;7;14
Sviland;SN44800;14.03.2024;33;0;-;-
Sola;SN44560;14.03.2024;14,9;-;6,7;9,4
Sviland;SN44800;15.03.2024;15;0;-;-
Sola;SN44560;15.03.2024;9,6;-;6,5;7,6
Sviland;SN44800;16.03.2024;16,8;0;-;-
Sola;SN44560;16.03.2024;4,2;-;4,6;16,3
Sviland;SN44800;17.03.2024;0;0;-;-
Sola;SN44560;17.03.2024;0;-;2,9;10,3
Sviland;SN44800;18.03.2024;0,1;0;-;-
Sola;SN44560;18.03.2024;0;-;4,6;15,1
Sviland;SN44800;19.03.2024;0,1;0;-;-
Sola;SN44560;19.03.2024;0;-;5,6;13,4
Sviland;SN44800;20.03.2024;2,5;0;-;-
Sola;SN44560;20.03.2024;1,1;-;4,8;10
Sviland;SN44800;21.03.2024;0;0;-;-
Sola;SN44560;21.03.2024;0;-;3,7;10,6
Sviland;SN44800;22.03.2024;16;0;-;-
Sola;SN44560;22.03.2024;10,7;-;6,5;9,8
Sviland;SN44800;23.03.2024;7,5;0;-;-
Sola;SN44560;23.03.2024;0,7;-;5,6;9,4
Sviland;SN44800;24.03.2024;16;0;-;-
Sola;SN44560;24.03.2024;7;-;6,1;6,4
Sviland;SN44800;25.03.2024;0;0;-;-
Sola;SN44560;25.03.2024;0;-;3,2;4,6
Sviland;SN44800;26.03.2024;0;0;-;-
Sola;SN44560;26.03.2024;0;-;3,9;9,9
Sviland;SN44800;27.03.2024;0,1;0;-;-
Sola;SN44560;27.03.2024;0,1;-;7,7;10,6
Sviland;SN44800;28.03.2024;5;0;-;-
Sola;SN44560;28.03.2024;5,5;-;6,4;8,8
Sviland;SN44800;29.03.2024;18,5;0;-;-
Sola;SN44560;29.03.2024;15,9;-;7;12,6
Sviland;SN44800;30.03.2024;2;0;-;-
Sola;SN44560;30.03.2024;1;-;9,6;10,6
Sviland;SN44800;31.03.2024;11,5;0;-;-
Sola;SN44560;31.03.2024;10,6;-;6,6;5,7
Sviland;SN44800;01.04.2024;0;0;-;-
Sola;SN44560;01.04.2024;0,1;-;7;4,7
Sviland;SN44800;02.04.2024;0;0;-;-
Sola;SN44560;02.04.2024;0;-;7,5;6,2
Sviland;SN44800;03.04.2024;0;0;-;-
Sola;SN44560;03.04.2024;0;-;6;6,5
Sviland;SN44800;04.04.2024;2;1;-;-
Sola;SN44560;04.04.2024;6,5;-;0,6;8,9
Sviland;SN44800;05.04.2024;2,6;2;-;-
Sola;SN44560;05.04.2024;4;-;2,5;5,7
Sviland;SN44800;06.04.2024;7,4;0;-;-
Sola;SN44560;06.04.2024;7,3;-;8,8;17,7
Sviland;SN44800;07.04.2024;10,1;0;-;-
Sola;SN44560;07.04.2024;5,2;-;10,2;14,6
Sviland;SN44800;08.04.2024;0,7;0;-;-
Sola;SN44560;08.04.2024;1,1;-;9,8;11,4
Sviland;SN44800;09.04.2024;0,1;0;-;-
Sola;SN44560;09.04.2024;0,1;-;10,2;11,5
Sviland;SN44800;10.04.2024;7,5;0;-;-
Sola;SN44560;10.04.2024;3,3;-;7,4;13,4
Sviland;SN44800;11.04.2024;15;0;-;-
Sola;SN44560;11.04.2024;7,9;-;8,5;11,6
Sviland;SN44800;12.04.2024;8;0;-;-
Sola;SN44560;12.04.2024;1,1;-;9,2;7,6
Sviland;SN44800;13.04.2024;10;0;-;-
Sola;SN44560;13.04.2024;4,3;-;9;8,8
Sviland;SN44800;14.04.2024;17,7;0;-;-
Sola;SN44560;14.04.2024;5,9;-;6,6;11,4
Sviland;SN44800;15.04.2024;0,1;0;-;-
Sola;SN44560;15.04.2024;0;-;7,2;10,6
Sviland;SN44800;16.04.2024;0;0;-;-
Sola;SN44560;16.04.2024;0,1;-;6,2;10,2
Sviland;SN44800;17.04.2024;0;0;-;-
Sola;SN44560;17.04.2024;0;-;6;8,5
Sviland;SN44800;18.04.2024;0;0;-;-
Sola;SN44560;18.04.2024;0;-;4,7;8
Sviland;SN44800;19.04.2024;0,8;0;-;-
Sola;SN44560;19.04.2024;1,2;-;4,8;7,8
Sviland;SN44800;20.04.2024;4;0;-;-
Sola;SN44560;20.04.2024;3,2;-;6;13,7
Sviland;SN44800;21.04.2024;0,1;0;-;-
Sola;SN44560;21.04.2024;0,1;-;5,7;9,7
Sviland;SN44800;22.04.2024;0;0;-;-
Sola;SN44560;22.04.2024;0;-;5,2;6,6
Sviland;SN44800;23.04.2024;0,7;0;-;-
Sola;SN44560;23.04.2024;0,5;-;6,7;11,7
Sviland;SN44800;24.04.2024;0,2;0;-;-
Sola;SN44560;24.04.2024;0;-;5,4;9,8
Sviland;SN44800;25.04.2024;0;0;-;-
Sola;SN44560;25.04.2024;0;-;4,6;6,7
Sviland;SN44800;26.04.2024;4,2;0;-;-
Sola;SN44560;26.04.2024;6,8;-;6,4;7,4
Sviland;SN44800;27.04.2024;0;0;-;-
Sola;SN44560;27.04.2024;5,7;-;6,3;7,1
Sviland;SN44800;28.04.2024;5;0;-;-
Sola;SN44560;28.04.2024;2,5;-;9,8;11
Sviland;SN44800;29.04.2024;7,8;0;-;-
Sola;SN44560;29.04.2024;7,7;-;9,4;14,4
Sviland;SN44800;30.04.2024;0;0;-;-
Sola;SN44560;30.04.2024;0;-;14;11,1
Sviland;SN44800;01.05.2024;0;0;-;-
Sola;SN44560;01.05.2024;0;-;18,2;8,7
Sviland;SN44800;02.05.2024;0;0;-;-
Sola;SN44560;02.05.2024;0;-;18,6;9,9
Sviland;SN44800;03.05.2024;0;0;-;-
Sola;SN44560;03.05.2024;0;-;19,4;8,3
Sviland;SN44800;04.05.2024;0;0;-;-
Sola;SN44560;04.05.2024;0;-;13,9;8,9
Sviland;SN44800;05.05.2024;0,1;0;-;-
Sola;SN44560;05.05.2024;0;-;9,9;4,8
Sviland;SN44800;06.05.2024;0;0;-;-
Sola;SN44560;06.05.2024;0;-;10,7;4,9
Sviland;SN44800;07.05.2024;0,1;0;-;-
Sola;SN44560;07.05.2024;0;-;11;5,6
Sviland;SN44800;08.05.2024;0,7;0;-;-
Sola;SN44560;08.05.2024;0,3;-;9,5;6,4
Sviland;SN44800;09.05.2024;3;0;-;-
Sola;SN44560;09.05.2024;0;-;9,6;7,8
Sviland;SN44800;10.05.2024;12;0;-;-
Sola;SN44560;10.05.2024;8,4;-;9,3;8,9
Sviland;SN44800;11.05.2024;0;0;-;-
Sola;SN44560;11.05.2024;0;-;13,3;7
Sviland;SN44800;12.05.2024;0;0;-;-
Sola;SN44560;12.05.2024;0;-;14,1;8,1
Sviland;SN44800;13.05.2024;0;0;-;-
Sola;SN44560;13.05.2024;0;-;17,3;11,7
Sviland;SN44800;14.05.2024;0;0;-;-
Sola;SN44560;14.05.2024;0;-;19,8;11,4
Sviland;SN44800;15.05.2024;0;0;-;-
Sola;SN44560;15.05.2024;0;-;20,5;9,5
Sviland;SN44800;16.05.2024;0;0;-;-
Sola;SN44560;16.05.2024;0;-;19,6;9,8
Sviland;SN44800;17.05.2024;0;0;-;-
Sola;SN44560;17.05.2024;0;-;18,2;8,8
Sviland;SN44800;18.05.2024;0;0;-;-
Sola;SN44560;18.05.2024;0;-;14,9;5,6
Sviland;SN44800;19.05.2024;0;0;-;-
Sola;SN44560;19.05.2024;0,2;-;13,6;9,5
Sviland;SN44800;20.05.2024;0;0;-;-
Sola;SN44560;20.05.2024;0;-;15,8;7,7
Sviland;SN44800;21.05.2024;0;0;-;-
Sola;SN44560;21.05.2024;0;-;16,7;5,9
Sviland;SN44800;22.05.2024;0;0;-;-
Sola;SN44560;22.05.2024;0,9;-;21,4;10,3
Sviland;SN44800;23.05.2024;0;0;-;-
Sola;SN44560;23.05.2024;0;-;18;8,8
Sviland;SN44800;24.05.2024;15,5;0;-;-
Sola;SN44560;24.05.2024;9,4;-;14,3;5,6
Sviland;SN44800;25.05.2024;0,2;0;-;-
Sola;SN44560;25.05.2024;0;-;15,4;5,9
Sviland;SN44800;26.05.2024;2;0;-;-
Sola;SN44560;26.05.2024;0,4;-;17,8;8,6
Sviland;SN44800;27.05.2024;0,2;0;-;-
Sola;SN44560;27.05.2024;3,6;-;14,9;8
Sviland;SN44800;28.05.2024;6;0;-;-
Sola;SN44560;28.05.2024;1,1;-;13,4;6,9
Sviland;SN44800;29.05.2024;2;0;-;-
Sola;SN44560;29.05.2024;0,3;-;15,3;9,8
Sviland;SN44800;30.05.2024;0,6;0;-;-
Sola;SN44560;30.05.2024;0,9;-;15;6,9
Sviland;SN44800;31.05.2024;5;0;-;-
Sola;SN44560;31.05.2024;4,2;-;14,8;9,9
Sviland;SN44800;01.06.2024;0,1;0;-;-
Sola;SN44560;01.06.2024;0;-;14,1;11,5
Sviland;SN44800;02.06.2024;0;0;-;-
Sola;SN44560;02.06.2024;0;-;13,3;11
Sviland;SN44800;03.06.2024;1;0;-;-
Sola;SN44560;03.06.2024;1,7;-;12,7;7,8
Sviland;SN44800;04.06.2024;6;0;-;-
Sola;SN44560;04.06.2024;1,2;-;12,2;12,4
Sviland;SN44800;05.06.2024;19;0;-;-
Sola;SN44560;05.06.2024;20,8;-;9,6;8,6
Sviland;SN44800;06.06.2024;24,5;0;-;-
Sola;SN44560;06.06.2024;4;-;9,5;9,1
Sviland;SN44800;07.06.2024;12;0;-;-
Sola;SN44560;07.06.2024;10,4;-;10,6;8
Sviland;SN44800;08.06.2024;11;0;-;-
Sola;SN44560;08.06.2024;8;-;10,2;10,2
Sviland;SN44800;09.06.2024;29,5;0;-;-
Sola;SN44560;09.06.2024;9,7;-;10,3;10,9
Sviland;SN44800;10.06.2024;25;0;-;-
Sola;SN44560;10.06.2024;6,8;-;11,3;14,5
Sviland;SN44800;11.06.2024;0,2;0;-;-
Sola;SN44560;11.06.2024;0;-;11,2;12,3
Sviland;SN44800;12.06.2024;0;0;-;-
Sola;SN44560;12.06.2024;0;-;10,5;12,3
Sviland;SN44800;13.06.2024;0;0;-;-
Sola;SN44560;13.06.2024;0;-;10,2;9,9
Sviland;SN44800;14.06.2024;0,1;0;-;-
Sola;SN44560;14.06.2024;0;-;13,8;9
Sviland;SN44800;15.06.2024;4;0;-;-
Sola;SN44560;15.06.2024;2,3;-;15,3;10,4
Sviland;SN44800;16.06.2024;3,5;0;-;-
Sola;SN44560;16.06.2024;1,3;-;14,2;10,7
Sviland;SN44800;17.06.2024;8,5;0;-;-
Sola;SN44560;17.06.2024;6,2;-;13,1;9,2
Sviland;SN44800;18.06.2024;21,5;0;-;-
Sola;SN44560;18.06.2024;4,7;-;12,6;8,5
Sviland;SN44800;19.06.2024;6,5;0;-;-
Sola;SN44560;19.06.2024;1,1;-;12,2;11,2
Sviland;SN44800;20.06.2024;0;0;-;-
Sola;SN44560;20.06.2024;0;-;12,7;8,2
Sviland;SN44800;21.06.2024;0;0;-;-
Sola;SN44560;21.06.2024;0;-;14,4;8,4
Sviland;SN44800;22.06.2024;0;0;-;-
Sola;SN44560;22.06.2024;3,3;-;14,1;4,3
Sviland;SN44800;23.06.2024;0,8;0;-;-
Sola;SN44560;23.06.2024;0,2;-;14;8,2
Sviland;SN44800;24.06.2024;0;0;-;-
Sola;SN44560;24.06.2024;0,2;-;14,4;6,9
Sviland;SN44800;25.06.2024;0;0;-;-
Sola;SN44560;25.06.2024;0;-;17;7,1
Sviland;SN44800;26.06.2024;0;0;-;-
Sola;SN44560;26.06.2024;0;-;17,3;5,5
Sviland;SN44800;27.06.2024;0;0;-;-
Sola;SN44560;27.06.2024;0;-;22;12
Sviland;SN44800;28.06.2024;0,2;0;-;-
Sola;SN44560;28.06.2024;0;-;15;13
Sviland;SN44800;29.06.2024;22,5;0;-;-
Sola;SN44560;29.06.2024;19,7;-;13,7;9,5
Sviland;SN44800;30.06.2024;7;0;-;-
Sola;SN44560;30.06.2024;2,8;-;13,6;6,5
Sviland;SN44800;01.07.2024;3;0;-;-
Sola;SN44560;01.07.2024;2,4;-;12,8;8
Sviland;SN44800;02.07.2024;7;0;-;-
Sola;SN44560;02.07.2024;2,7;-;12,8;11,8
Sviland;SN44800;03.07.2024;4,5;0;-;-
Sola;SN44560;03.07.2024;0,1;-;12,9;8,2
Sviland;SN44800;04.07.2024;0,3;0;-;-
Sola;SN44560;04.07.2024;1,3;-;11,7;8,2
Sviland;SN44800;05.07.2024;25,5;0;-;-
Sola;SN44560;05.07.2024;21,5;-;11,4;6,5
Sviland;SN44800;06.07.2024;23,5;0;-;-
Sola;SN44560;06.07.2024;5,9;-;12,5;4,2
Sviland;SN44800;07.07.2024;33;0;-;-
Sola;SN44560;07.07.2024;14,9;-;12,5;11,3
Sviland;SN44800;08.07.2024;21,5;0;-;-
Sola;SN44560;08.07.2024;9,3;-;13,5;7,3
Sviland;SN44800;09.07.2024;0,2;0;-;-
Sola;SN44560;09.07.2024;0,1;-;14,4;5,4
Sviland;SN44800;10.07.2024;5,5;0;-;-
Sola;SN44560;10.07.2024;6,8;-;15,1;7
Sviland;SN44800;11.07.2024;13,5;0;-;-
Sola;SN44560;11.07.2024;7,2;-;16,5;7,1
Sviland;SN44800;12.07.2024;3,5;0;-;-
Sola;SN44560;12.07.2024;6,6;-;15,5;4,5
Sviland;SN44800;13.07.2024;0;0;-;-
Sola;SN44560;13.07.2024;0;-;18,2;7,9
Sviland;SN44800;14.07.2024;9;0;-;-
Sola;SN44560;14.07.2024;6,3;-;15,9;6,2
Sviland;SN44800;15.07.2024;12;0;-;-
Sola;SN44560;15.07.2024;3,5;-;15,3;5,9
Sviland;SN44800;16.07.2024;1;0;-;-
Sola;SN44560;16.07.2024;0,6;-;15,9;6,1
Sviland;SN44800;17.07.2024;6,1;0;-;-
Sola;SN44560;17.07.2024;0;-;15,7;9,6
Sviland;SN44800;18.07.2024;0,3;0;-;-
Sola;SN44560;18.07.2024;0;-;16,1;7,4
Sviland;SN44800;19.07.2024;0;0;-;-
Sola;SN44560;19.07.2024;0;-;18;6,4
Sviland;SN44800;20.07.2024;0,1;0;-;-
Sola;SN44560;20.07.2024;0;-;21,1;7,7
Sviland;SN44800;21.07.2024;0;0;-;-
Sola;SN44560;21.07.2024;0;-;19,7;12,3
Sviland;SN44800;22.07.2024;14,5;0;-;-
Sola;SN44560;22.07.2024;8,5;-;15,6;8,8
Sviland;SN44800;23.07.2024;0;0;-;-
Sola;SN44560;23.07.2024;0;-;16,3;10,7
Sviland;SN44800;24.07.2024;0;0;-;-
Sola;SN44560;24.07.2024;0;-;15,5;11,2
Sviland;SN44800;25.07.2024;0;0;-;-
Sola;SN44560;25.07.2024;0;-;14,9;9,7
Sviland;SN44800;26.07.2024;6;0;-;-
Sola;SN44560;26.07.2024;6,2;-;16,7;-
Sviland;SN44800;27.07.2024;21,5;0;-;-
Sola;SN44560;27.07.2024;0,8;-;15,7;-
Sviland;SN44800;28.07.2024;0;0;-;-
Sola;SN44560;28.07.2024;0;-;15,8;-
Sviland;SN44800;29.07.2024;0;0;-;-
Sola;SN44560;29.07.2024;0;-;15,7;-
Sviland;SN44800;30.07.2024;0,5;0;-;-
Sola;SN44560;30.07.2024;0;-;17,1;-
Sviland;SN44800;31.07.2024;1,5;0;-;-
Sola;SN44560;31.07.2024;0;-;15,3;-
Sviland;SN44800;01.08.2024;0;0;-;-
Sola;SN44560;01.08.2024;0;-;-;-
Sviland;SN44800;02.08.2024;0;0;-;-
Sola;SN44560;02.08.2024;0;-;15,6;-
Sviland;SN44800;03.08.2024;0;0;-;-
Sola;SN44560;03.08.2024;0;-;16,5;-
Sviland;SN44800;04.08.2024;18;0;-;-
Sola;SN44560;04.08.2024;6,6;-;15,1;-
Sviland;SN44800;05.08.2024;0,4;0;-;-
Sola;SN44560;05.08.2024;0;-;15,7;-
Sviland;SN44800;06.08.2024;0;0;-;-
Sola;SN44560;06.08.2024;0;-;19,7;-
Sviland;SN44800;07.08.2024;6;0;-;-
Sola;SN44560;07.08.2024;8;-;17;9
Sviland;SN44800;08.08.2024;4,5;0;-;-
Sola;SN44560;08.08.2024;4;-;16,2;8,1
Sviland;SN44800;09.08.2024;6;0;-;-
Sola;SN44560;09.08.2024;3,5;-;15,6;10,1
Sviland;SN44800;10.08.2024;22;0;-;-
Sola;SN44560;10.08.2024;6,9;-;15,8;10,2
Sviland;SN44800;11.08.2024;10,5;0;-;-
Sola;SN44560;11.08.2024;4;-;15;9,5
Sviland;SN44800;12.08.2024;0;0;-;-
Sola;SN44560;12.08.2024;0;-;15,5;7,4
Sviland;SN44800;13.08.2024;0;0;-;-
Sola;SN44560;13.08.2024;0;-;20,9;12,5
Sviland;SN44800;14.08.2024;0;0;-;-
Sola;SN44560;14.08.2024;0;-;16,9;9
Sviland;SN44800;15.08.2024;0,1;0;-;-
Sola;SN44560;15.08.2024;0;-;14,9;11,1
Sviland;SN44800;16.08.2024;30,5;0;-;-
Sola;SN44560;16.08.2024;16,4;-;14,9;10,3
Sviland;SN44800;17.08.2024;2,5;0;-;-
Sola;SN44560;17.08.2024;0,6;-;15,6;8,5
Sviland;SN44800;18.08.2024;2;0;-;-
Sola;SN44560;18.08.2024;0;-;14,6;7,9
Sviland;SN44800;19.08.2024;6,6;0;-;-
Sola;SN44560;19.08.2024;2,6;-;15,3;7,7
Sviland;SN44800;20.08.2024;6,8;0;-;-
Sola;SN44560;20.08.2024;2,3;-;16,8;11,6
Sviland;SN44800;21.08.2024;12;0;-;-
Sola;SN44560;21.08.2024;4;-;14,5;7,1
Sviland;SN44800;22.08.2024;9;0;-;-
Sola;SN44560;22.08.2024;7,6;-;14,5;10,8
Sviland;SN44800;23.08.2024;24,5;0;-;-
Sola;SN44560;23.08.2024;14,5;-;13,2;14
Sviland;SN44800;24.08.2024;15,5;0;-;-
Sola;SN44560;24.08.2024;13;-;14,3;9,8
Sviland;SN44800;25.08.2024;19;0;-;-
Sola;SN44560;25.08.2024;4,1;-;14,2;9,5
Sviland;SN44800;26.08.2024;15;0;-;-
Sola;SN44560;26.08.2024;10,2;-;14;10,5
Sviland;SN44800;27.08.2024;1;0;-;-
Sola;SN44560;27.08.2024;0,2;-;15;10,9
Sviland;SN44800;28.08.2024;5,8;0;-;-
Sola;SN44560;28.08.2024;7,4;-;18,9;10,6
Sviland;SN44800;29.08.2024;0;0;-;-
Sola;SN44560;29.08.2024;0,1;-;17,2;8,3
Sviland;SN44800;30.08.2024;19;0;-;-
Sola;SN44560;30.08.2024;2,4;-;14,2;7,1
Sviland;SN44800;31.08.2024;5,8;0;-;-
Sola;SN44560;31.08.2024;2,6;-;14,1;7,3
Sviland;SN44800;01.09.2024;0;0;-;-
Sola;SN44560;01.09.2024;0;-;14,6;4,4
Sviland;SN44800;02.09.2024;0;0;-;-
Sola;SN44560;02.09.2024;0;-;15,8;7,2
Sviland;SN44800;03.09.2024;2;0;-;-
Sola;SN44560;03.09.2024;3,2;-;16,3;11,6
Sviland;SN44800;04.09.2024;37;0;-;-
Sola;SN44560;04.09.2024;21,5;-;18,1;4,8
Sviland;SN44800;05.09.2024;5;0;-;-
Sola;SN44560;05.09.2024;0,3;-;22,7;5,2
Sviland;SN44800;06.09.2024;0;0;-;-
Sola;SN44560;06.09.2024;0;-;21,3;4
Sviland;SN44800;07.09.2024;0;0;-;-
Sola;SN44560;07.09.2024;0;-;20,3;5,2
Sviland;SN44800;08.09.2024;0;0;-;-
Sola;SN44560;08.09.2024;0;-;18,4;3,9
Sviland;SN44800;09.09.2024;15;0;-;-
Sola;SN44560;09.09.2024;12,6;-;14,7;11,5
Sviland;SN44800;10.09.2024;14,5;0;-;-
Sola;SN44560;10.09.2024;5,8;-;11,3;11,4
Sviland;SN44800;11.09.2024;39;0;-;-
Sola;SN44560;11.09.2024;15,2;-;11,3;14,7
Sviland;SN44800;12.09.2024;44;0;-;-
Sola;SN44560;12.09.2024;15,6;-;11,1;9,6
Sviland;SN44800;13.09.2024;22;0;-;-
Sola;SN44560;13.09.2024;9,2;-;9,7;8,4
Sviland;SN44800;14.09.2024;2;0;-;-
Sola;SN44560;14.09.2024;3,3;-;11,8;6,9
Sviland;SN44800;15.09.2024;1,1;0;-;-
Sola;SN44560;15.09.2024;1,1;-;13,9;7,9
Sviland;SN44800;16.09.2024;11,5;0;-;-
Sola;SN44560;16.09.2024;7,8;-;13,4;6,9
Sviland;SN44800;17.09.2024;0,2;0;-;-
Sola;SN44560;17.09.2024;0;-;10,7;5,1
Sviland;SN44800;18.09.2024;0;0;-;-
Sola;SN44560;18.09.2024;0;-;14;4
Sviland;SN44800;19.09.2024;0;0;-;-
Sola;SN44560;19.09.2024;0;-;14,2;3,7
Sviland;SN44800;20.09.2024;0;0;-;-
Sola;SN44560;20.09.2024;0;-;13,5;3,3
Sviland;SN44800;21.09.2024;0;0;-;-
Sola;SN44560;21.09.2024;0;-;12,4;4
Sviland;SN44800;22.09.2024;0;0;-;-
Sola;SN44560;22.09.2024;0;-;12,1;4
Sviland;SN44800;23.09.2024;0;0;-;-
Sola;SN44560;23.09.2024;0;-;13,2;3,9
Sviland;SN44800;24.09.2024;26;0;-;-
Sola;SN44560;24.09.2024;24,3;-;11,9;3,9
Sviland;SN44800;25.09.2024;12;0;-;-
Sola;SN44560;25.09.2024;8,7;-;10,7;10,4
Sviland;SN44800;26.09.2024;4;0;-;-
Sola;SN44560;26.09.2024;0,1;-;9,5;8,8
Sviland;SN44800;27.09.2024;0;0;-;-
Sola;SN44560;27.09.2024;0;-;8,6;11,9
Sviland;SN44800;28.09.2024;2;0;-;-
Sola;SN44560;28.09.2024;3,6;-;7,3;12,2
Sviland;SN44800;29.09.2024;7,5;0;-;-
Sola;SN44560;29.09.2024;7,7;-;7,5;7,2
Sviland;SN44800;30.09.2024;9,5;0;-;-
Sola;SN44560;30.09.2024;4,3;-;11,7;8,7
Sviland;SN44800;01.10.2024;1;0;-;-
Sola;SN44560;01.10.2024;0,7;-;11;7,5
Sviland;SN44800;02.10.2024;0;0;-;-
Sola;SN44560;02.10.2024;0;-;9,3;4,9
Sviland;SN44800;03.10.2024;0;0;-;-
Sola;SN44560;03.10.2024;0;-;9,7;7,1
Sviland;SN44800;04.10.2024;0;0;-;-
Sola;SN44560;04.10.2024;0;-;8,8;5
Sviland;SN44800;05.10.2024;0;0;-;-
Sola;SN44560;05.10.2024;0;-;11,9;8,3
Sviland;SN44800;06.10.2024;0;0;-;-
Sola;SN44560;06.10.2024;0;-;12,4;7,2
Sviland;SN44800;07.10.2024;0;0;-;-
Sola;SN44560;07.10.2024;0;-;11,9;7,7
Sviland;SN44800;08.10.2024;9;0;-;-
Sola;SN44560;08.10.2024;9,4;-;13,3;8
Sviland;SN44800;09.10.2024;13,5;0;-;-
Sola;SN44560;09.10.2024;5,8;-;12,1;11,7
Sviland;SN44800;10.10.2024;1,5;0;-;-
Sola;SN44560;10.10.2024;1,3;-;8,8;16
Sviland;SN44800;11.10.2024;5,5;0;-;-
Sola;SN44560;11.10.2024;1,4;-;7,1;12,7
Sviland;SN44800;12.10.2024;9,5;0;-;-
Sola;SN44560;12.10.2024;1,6;-;7,8;10
Sviland;SN44800;13.10.2024;10,5;0;-;-
Sola;SN44560;13.10.2024;16,3;-;8,6;7,6
Sviland;SN44800;14.10.2024;4,5;0;-;-
Sola;SN44560;14.10.2024;4,3;-;7;8,9
Sviland;SN44800;15.10.2024;0;0;-;-
Sola;SN44560;15.10.2024;0;-;10;6,2
Sviland;SN44800;16.10.2024;0;0;-;-
Sola;SN44560;16.10.2024;0;-;11,9;10,8
Sviland;SN44800;17.10.2024;0;0;-;-
Sola;SN44560;17.10.2024;0;-;14,1;12,2
Sviland;SN44800;18.10.2024;3;0;-;-
Sola;SN44560;18.10.2024;0,3;-;13,4;8,8
Sviland;SN44800;19.10.2024;0,1;0;-;-
Sola;SN44560;19.10.2024;0;-;13,4;7,2
Sviland;SN44800;20.10.2024;17;0;-;-
Sola;SN44560;20.10.2024;27,2;-;12,4;15
Sviland;SN44800;21.10.2024;16;0;-;-
Sola;SN44560;21.10.2024;11;-;12,4;14,1
Sviland;SN44800;22.10.2024;0,1;0;-;-
Sola;SN44560;22.10.2024;0;-;11,4;10,5
Sviland;SN44800;23.10.2024;2,8;0;-;-
Sola;SN44560;23.10.2024;0,1;-;11,3;10,5
Sviland;SN44800;24.10.2024;1,5;0;-;-
Sola;SN44560;24.10.2024;0,1;-;11,8;9,3
Sviland;SN44800;25.10.2024;0;0;-;-
Sola;SN44560;25.10.2024;0,1;-;11,4;6,8
Sviland;SN44800;26.10.2024;0;0;-;-
Sola;SN44560;26.10.2024;0;-;11,3;9,9
Sviland;SN44800;27.10.2024;24,3;0;-;-
Sola;SN44560;27.10.2024;14,5;-;10,1;9,9
Sviland;SN44800;28.10.2024;2,5;0;-;-
Sola;SN44560;28.10.2024;1,1;-;8,6;8,4
Sviland;SN44800;29.10.2024;0,6;0;-;-
Sola;SN44560;29.10.2024;0,2;-;8,5;6,8
Sviland;SN44800;30.10.2024;5;0;-;-
Sola;SN44560;30.10.2024;1,8;-;10,7;10
Sviland;SN44800;31.10.2024;5;0;-;-
Sola;SN44560;31.10.2024;0,3;-;12,3;9,7
Sviland;SN44800;01.11.2024;33;0;-;-
Sola;SN44560;01.11.2024;3,5;-;8,3;14,3
Sviland;SN44800;02.11.2024;4,5;0;-;-
Sola;SN44560;02.11.2024;0,8;-;5,6;11,1
Sviland;SN44800;03.11.2024;12,5;0;-;-
Sola;SN44560;03.11.2024;3,3;-;11,2;9,5
Sviland;SN44800;04.11.2024;15;0;-;-
Sola;SN44560;04.11.2024;0,3;-;8,6;5,5
Sviland;SN44800;05.11.2024;1,2;0;-;-
Sola;SN44560;05.11.2024;3,6;-;7,9;3,1
Sviland;SN44800;06.11.2024;0,2;0;-;-
Sola;SN44560;06.11.2024;0,2;-;9,1;3,9
Sviland;SN44800;07.11.2024;0,6;0;-;-
Sola;SN44560;07.11.2024;0;-;9,1;3
Sviland;SN44800;08.11.2024;0,1;0;-;-
Sola;SN44560;08.11.2024;0;-;8,8;4,4
Sviland;SN44800;09.11.2024;0,1;0;-;-
Sola;SN44560;09.11.2024;0;-;8,5;3,7
Sviland;SN44800;10.11.2024;0;0;-;-
Sola;SN44560;10.11.2024;0;-;8,2;6,4
Sviland;SN44800;11.11.2024;4;0;-;-
Sola;SN44560;11.11.2024;2,3;-;7,6;5,2
Sviland;SN44800;12.11.2024;1;0;-;-
Sola;SN44560;12.11.2024;0,2;-;5,9;4,6
Sviland;SN44800;13.11.2024;0,2;0;-;-
Sola;SN44560;13.11.2024;0;-;8,2;7
Sviland;SN44800;14.11.2024;4,5;0;-;-
Sola;SN44560;14.11.2024;1;-;8,2;10
Sviland;SN44800;15.11.2024;2;0;-;-
Sola;SN44560;15.11.2024;0,9;-;9,8;6,8
Sviland;SN44800;16.11.2024;12,5;0;-;-
Sola;SN44560;16.11.2024;2,2;-;7,4;14,2
Sviland;SN44800;17.11.2024;9,5;0;-;-
Sola;SN44560;17.11.2024;7,2;-;6,1;15,5
Sviland;SN44800;18.11.2024;8;0;-;-
Sola;SN44560;18.11.2024;2,2;-;3,7;9,4
Sviland;SN44800;19.11.2024;0;0;-;-
Sola;SN44560;19.11.2024;0;-;-0,9;5,1
Sviland;SN44800;20.11.2024;0;0;-;-
Sola;SN44560;20.11.2024;0;-;-2,3;3,9
Sviland;SN44800;21.11.2024;0;0;-;-
Sola;SN44560;21.11.2024;0;-;-3,6;3,8
Sviland;SN44800;22.11.2024;0;0;-;-
Sola;SN44560;22.11.2024;0;-;-2,9;4
Sviland;SN44800;23.11.2024;4;4;-;-
Sola;SN44560;23.11.2024;3,1;-;0,9;9,9
Sviland;SN44800;24.11.2024;0,4;0;-;-
Sola;SN44560;24.11.2024;0,5;-;8,4;15
Sviland;SN44800;25.11.2024;14;0;-;-
Sola;SN44560;25.11.2024;8,7;-;9,2;11,1
Sviland;SN44800;26.11.2024;33;0;-;-
Sola;SN44560;26.11.2024;10,5;-;8,6;13,1
Sviland;SN44800;27.11.2024;13;0;-;-
Sola;SN44560;27.11.2024;0,5;-;5,3;11,4
Sviland;SN44800;28.11.2024;1,5;0;-;-
Sola;SN44560;28.11.2024;0;-;1,8;3,8
Sviland;SN44800;29.11.2024;0;0;-;-
Sola;SN44560;29.11.2024;0;-;6,4;7,8
Sviland;SN44800;30.11.2024;15;0;-;-
Sola;SN44560;30.11.2024;8,9;-;9;10,5
Sviland;SN44800;01.12.2024;10;0;-;-
Sola;SN44560;01.12.2024;5,7;-;10;11,6
Sviland;SN44800;02.12.2024;30;0;-;-
Sola;SN44560;02.12.2024;15,5;-;7;11,1
Sviland;SN44800;03.12.2024;2,1;0;-;-
Sola;SN44560;03.12.2024;1,4;-;2,6;12,4
Sviland;SN44800;04.12.2024;0;0;-;-
Sola;SN44560;04.12.2024;0;-;2,5;9,6
Sviland;SN44800;05.12.2024;3,7;0;-;-
Sola;SN44560;05.12.2024;1,1;-;5,3;15,9
Sviland;SN44800;06.12.2024;14;0;-;-
Sola;SN44560;06.12.2024;2,9;-;5,8;14,1
Sviland;SN44800;07.12.2024;4;0;-;-
Sola;SN44560;07.12.2024;2,4;-;5,4;7,4
Sviland;SN44800;08.12.2024;8;0;-;-
Sola;SN44560;08.12.2024;5,3;-;3,8;6,8
Sviland;SN44800;09.12.2024;0;0;-;-
Sola;SN44560;09.12.2024;0;-;-0,4;4
Sviland;SN44800;10.12.2024;0;0;-;-
Sola;SN44560;10.12.2024;0;-;-1,6;3,1
Sviland;SN44800;11.12.2024;0;0;-;-
Sola;SN44560;11.12.2024;0;-;1,6;2,9
Sviland;SN44800;12.12.2024;0,2;0;-;-
Sola;SN44560;12.12.2024;0,3;-;4,2;3,5
Sviland;SN44800;13.12.2024;2;0;-;-
Sola;SN44560;13.12.2024;1,5;-;6;7,1
Sviland;SN44800;14.12.2024;19,5;0;-;-
Sola;SN44560;14.12.2024;6,1;-;5,3;11,4
Sviland;SN44800;15.12.2024;17,5;0;-;-
Sola;SN44560;15.12.2024;3,3;-;7,9;12,4
Sviland;SN44800;16.12.2024;15;0;-;-
Sola;SN44560;16.12.2024;12,8;-;8;15,5
Sviland;SN44800;17.12.2024;9,5;0;-;-
Sola;SN44560;17.12.2024;5,1;-;7,1;10,2
Sviland;SN44800;18.12.2024;20,5;0;-;-
Sola;SN44560;18.12.2024;17,4;-;8,8;12,6
Sviland;SN44800;19.12.2024;26;0;-;-
Sola;SN44560;19.12.2024;9,4;-;6,1;16,6
Sviland;SN44800;20.12.2024;4,5;0;-;-
Sola;SN44560;20.12.2024;2;-;4,9;16,5
Sviland;SN44800;21.12.2024;17;0;-;-
Sola;SN44560;21.12.2024;10,7;-;7,7;10,4
Sviland;SN44800;22.12.2024;25,5;0;-;-
Sola;SN44560;22.12.2024;9,1;-;7;13,1
Sviland;SN44800;23.12.2024;10,3;0;-;-
Sola;SN44560;23.12.2024;4,4;-;3,8;15,8
Sviland;SN44800;24.12.2024;0;0;-;-
Sola;SN44560;24.12.2024;4,2;-;6,1;9,4
Sviland;SN44800;25.12.2024;15;0;-;-
Sola;SN44560;25.12.2024;6,3;-;9,4;7,3
Sviland;SN44800;26.12.2024;4,5;0;-;-
Sola;SN44560;26.12.2024;0,1;-;8,5;6,2
Sviland;SN44800;27.12.2024;3,5;0;-;-
Sola;SN44560;27.12.2024;2;-;6,8;6,7
Sviland;SN44800;28.12.2024;0,6;0;-;-
Sola;SN44560;28.12.2024;2,1;-;7,8;5,9
Sviland;SN44800;29.12.2024;11;0;-;-
Sola;SN44560;29.12.2024;4,2;-;7,6;9,7
Sviland;SN44800;30.12.2024;22,5;0;-;-
Sola;SN44560;30.12.2024;11,1;-;2,5;7,8
Sviland;SN44800;31.12.2024;0,3;0;-;-
Sola;SN44560;31.12.2024;0;-;3,2;12,2
Sviland;SN44800;01.01.2025;24;0;-;-
Sola;SN44560;01.01.2025;12,8;-;2,7;9,3
Sviland;SN44800;02.01.2025;2,5;0;-;-
Sola;SN44560;02.01.2025;0,1;-;-2;9,7
Sviland;SN44800;03.01.2025;7;10;-;-
Sola;SN44560;03.01.2025;3,4;-;-2,3;14,6
Sviland;SN44800;04.01.2025;5;15;-;-
Sola;SN44560;04.01.2025;2,1;-;-2;5,7
Sviland;SN44800;05.01.2025;7,5;23;-;-
Sola;SN44560;05.01.2025;8,3;-;1,7;7,6
Sviland;SN44800;06.01.2025;0,2;23;-;-
Sola;SN44560;06.01.2025;0,2;-;2;10,6
Sviland;SN44800;07.01.2025;7,5;26;-;-
Sola;SN44560;07.01.2025;5,2;-;1,9;15,4
Sviland;SN44800;08.01.2025;0,2;26;-;-
Sola;SN44560;08.01.2025;0,9;-;-0,3;8,4
Sviland;SN44800;09.01.2025;6;31;-;-
Sola;SN44560;09.01.2025;6,2;-;0,1;4,2
Sviland;SN44800;10.01.2025;0;31;-;-
Sola;SN44560;10.01.2025;1;-;-4,7;2,7
Sviland;SN44800;11.01.2025;0;31;-;-
Sola;SN44560;11.01.2025;0;-;-7,8;2,1
Sviland;SN44800;12.01.2025;0;31;-;-
Sola;SN44560;12.01.2025;0;-;-3,9;5,5
Sviland;SN44800;13.01.2025;0,2;28;-;-
Sola;SN44560;13.01.2025;0;-;4,4;9
Sviland;SN44800;14.01.2025;21,5;2;-;-
Sola;SN44560;14.01.2025;7,9;-;7,5;7,5
Sviland;SN44800;15.01.2025;3;0;-;-
Sola;SN44560;15.01.2025;0,4;-;7;7
Sviland;SN44800;16.01.2025;0;0;-;-
Sola;SN44560;16.01.2025;0;-;6,5;5,7
Sviland;SN44800;17.01.2025;0;0;-;-
Sola;SN44560;17.01.2025;0;-;7,4;9,5
Sviland;SN44800;18.01.2025;2;0;-;-
Sola;SN44560;18.01.2025;0,2;-;6,4;6,6
Sviland;SN44800;19.01.2025;0;0;-;-
Sola;SN44560;19.01.2025;0;-;3,4;6,6
Sviland;SN44800;20.01.2025;0;0;-;-
Sola;SN44560;20.01.2025;0;-;1,7;5,9
Sviland;SN44800;21.01.2025;0;0;-;-
Sola;SN44560;21.01.2025;0;-;3;4,8
Sviland;SN44800;22.01.2025;4;0;-;-
Sola;SN44560;22.01.2025;2;-;2,8;3,7
Sviland;SN44800;23.01.2025;1,5;0;-;-
Sola;SN44560;23.01.2025;1;-;2,6;5
Sviland;SN44800;24.01.2025;4,5;0;-;-
Sola;SN44560;24.01.2025;2,8;-;5,1;15,6
Sviland;SN44800;25.01.2025;18,2;0;-;-
Sola;SN44560;25.01.2025;7,2;-;6,5;16,9
Sviland;SN44800;26.01.2025;8,5;0;-;-
Sola;SN44560;26.01.2025;1,2;-;4,8;12,9
Sviland;SN44800;27.01.2025;6;0;-;-
Sola;SN44560;27.01.2025;12,5;-;4,8;12,4
Sviland;SN44800;28.01.2025;5,5;0;-;-
Sola;SN44560;28.01.2025;2,9;-;6,6;10,5
Sviland;SN44800;29.01.2025;0;0;-;-
Sola;SN44560;29.01.2025;0;-;6,1;5,7
Sviland;SN44800;30.01.2025;1,5;0;-;-
Sola;SN44560;30.01.2025;0,3;-;2,2;7,1
Sviland;SN44800;31.01.2025;3;0;-;-
Sola;SN44560;31.01.2025;4,3;-;0,3;3,8
Sviland;SN44800;01.02.2025;0;0;-;-
Sola;SN44560;01.02.2025;0;-;1,7;7,1
Sviland;SN44800;02.02.2025;1;0;-;-
Sola;SN44560;02.02.2025;0,2;-;4,4;6,6
Sviland;SN44800;03.02.2025;1,5;0;-;-
Sola;SN44560;03.02.2025;0,1;-;5,3;9,2
Sviland;SN44800;04.02.2025;0,5;0;-;-
Sola;SN44560;04.02.2025;0;-;6,8;10,4
Sviland;SN44800;05.02.2025;14,5;0;-;-
Sola;SN44560;05.02.2025;6;-;6,3;10,6
Sviland;SN44800;06.02.2025;3;0;-;-
Sola;SN44560;06.02.2025;0;-;2;6,1
Sviland;SN44800;07.02.2025;0;0;-;-
Sola;SN44560;07.02.2025;0;-;1,4;3,3
Sviland;SN44800;08.02.2025;0;0;-;-
Sola;SN44560;08.02.2025;0;-;2,9;7,3
Sviland;SN44800;09.02.2025;0;0;-;-
Sola;SN44560;09.02.2025;0;-;-0,1;3,8
Sviland;SN44800;10.02.2025;0;0;-;-
Sola;SN44560;10.02.2025;0;-;0,2;4,7
Sviland;SN44800;11.02.2025;0;0;-;-
Sola;SN44560;11.02.2025;0;-;3,5;7,5
Sviland;SN44800;12.02.2025;0;0;-;-
Sola;SN44560;12.02.2025;0;-;-0,9;2,4
Sviland;SN44800;13.02.2025;0;0;-;-
Sola;SN44560;13.02.2025;0;-;0,4;4,3
Sviland;SN44800;14.02.2025;0;0;-;-
Sola;SN44560;14.02.2025;0;-;1,1;5,1
Sviland;SN44800;15.02.2025;0,7;0;-;-
Sola;SN44560;15.02.2025;0,1;-;1,9;8,6
Sviland;SN44800;16.02.2025;0;0;-;-
Sola;SN44560;16.02.2025;0;-;-4,4;4,4
Sviland;SN44800;17.02.2025;0;0;-;-
Sola;SN44560;17.02.2025;0;-;-4,1;5
Sviland;SN44800;18.02.2025;0;0;-;-
Sola;SN44560;18.02.2025;0;-;-2,2;3,3
Sviland;SN44800;19.02.2025;0;0;-;-
Sola;SN44560;19.02.2025;0;-;1,5;10,9
Sviland;SN44800;20.02.2025;0;0;-;-
Sola;SN44560;20.02.2025;0,1;-;3,8;17,2
Sviland;SN44800;21.02.2025;8;0;-;-
Sola;SN44560;21.02.2025;7;-;8,3;16,3
Sviland;SN44800;22.02.2025;28;0;-;-
Sola;SN44560;22.02.2025;8;-;8;14,1
Sviland;SN44800;23.02.2025;12;0;-;-
Sola;SN44560;23.02.2025;16,6;-;7,5;13,3
Sviland;SN44800;24.02.2025;30;0;-;-
Sola;SN44560;24.02.2025;23,4;-;7,6;14,4
Sviland;SN44800;25.02.2025;4,8;0;-;-
Sola;SN44560;25.02.2025;0;-;5,9;8,1
Sviland;SN44800;26.02.2025;6;0;-;-
Sola;SN44560;26.02.2025;3;-;5,5;6,1
Sviland;SN44800;27.02.2025;4;0;-;-
Sola;SN44560;27.02.2025;4,5;-;4,3;4,3
Sviland;SN44800;28.02.2025;1;0;-;-
Sola;SN44560;28.02.2025;0;-;2,6;4,4
Sviland;SN44800;01.03.2025;0;0;-;-
Sola;SN44560;01.03.2025;0;-;4,2;5,4
Sviland;SN44800;02.03.2025;3;0;-;-
Sola;SN44560;02.03.2025;0,9;-;5,3;6,8
Sviland;SN44800;03.03.2025;1,8;0;-;-
Sola;SN44560;03.03.2025;0;-;6,1;8,2
Sviland;SN44800;04.03.2025;1,4;0;-;-
Sola;SN44560;04.03.2025;0;-;6,5;9,1
Sviland;SN44800;05.03.2025;43;0;-;-
Sola;SN44560;05.03.2025;18,2;-;7,2;8,5
Sviland;SN44800;06.03.2025;4,5;0;-;-
Sola;SN44560;06.03.2025;0,9;-;7,5;7,8
Sviland;SN44800;07.03.2025;2;0;-;-
Sola;SN44560;07.03.2025;0,8;-;7,4;8,4
Sviland;SN44800;08.03.2025;7;0;-;-
Sola;SN44560;08.03.2025;5,8;-;7,6;5,2
Sviland;SN44800;09.03.2025;0;0;-;-
Sola;SN44560;09.03.2025;4,2;-;5,3;4,8
Sviland;SN44800;10.03.2025;0;0;-;-
Sola;SN44560;10.03.2025;0;-;3,8;4,3
Sviland;SN44800;11.03.2025;1,5;0;-;-
Sola;SN44560;11.03.2025;0;-;3,5;5,9
Sviland;SN44800;12.03.2025;2;0;-;-
Sola;SN44560;12.03.2025;0,5;-;2,9;5,4
Sviland;SN44800;13.03.2025;0;0;-;-
Sola;SN44560;13.03.2025;0;-;0,9;5,2
Sviland;SN44800;14.03.2025;0;0;-;-
Sola;SN44560;14.03.2025;0;-;1,4;5,5
Sviland;SN44800;15.03.2025;0;0;-;-
Sola;SN44560;15.03.2025;0;-;3,6;6,2
Sviland;SN44800;16.03.2025;3;0;-;-
Sola;SN44560;16.03.2025;0,1;-;4,6;11,4
Sviland;SN44800;17.03.2025;0;0;-;-
Sola;SN44560;17.03.2025;0;-;3,3;7
Sviland;SN44800;18.03.2025;0,1;0;-;-
Sola;SN44560;18.03.2025;0;-;5,1;8,2
Sviland;SN44800;19.03.2025;0;0;-;-
Sola;SN44560;19.03.2025;0;-;3,1;5,5
Sviland;SN44800;20.03.2025;0;0;-;-
Sola;SN44560;20.03.2025;0;-;4;6
Sviland;SN44800;21.03.2025;0;0;-;-
Sola;SN44560;21.03.2025;0;-;7,4;10,8
Sviland;SN44800;22.03.2025;0;0;-;-
Sola;SN44560;22.03.2025;0;-;10,2;14,2
Sviland;SN44800;23.03.2025;0;0;-;-
Sola;SN44560;23.03.2025;0;-;10;12,2
Sviland;SN44800;24.03.2025;0;0;-;-
Sola;SN44560;24.03.2025;0;-;6,2;8
Sviland;SN44800;25.03.2025;15,1;0;-;-
Sola;SN44560;25.03.2025;16,2;-;6,9;7,5
Sviland;SN44800;26.03.2025;10,5;0;-;-
Sola;SN44560;26.03.2025;2,6;-;7,1;7,9
Sviland;SN44800;27.03.2025;2,5;0;-;-
Sola;SN44560;27.03.2025;2,5;-;7,7;7,8
Sviland;SN44800;28.03.2025;19,5;0;-;-
Sola;SN44560;28.03.2025;9,9;-;8,1;11,3
Sviland;SN44800;29.03.2025;3,5;0;-;-
Sola;SN44560;29.03.2025;0,3;-;6,5;7,9
Sviland;SN44800;30.03.2025;15,5;0;-;-
Sola;SN44560;30.03.2025;12,7;-;6,5;11,4
Sviland;SN44800;31.03.2025;0,2;0;-;-
Sola;SN44560;31.03.2025;0;-;6;10,7
Sviland;SN44800;01.04.2025;0;0;-;-
Sola;SN44560;01.04.2025;0;-;8,4;5,3
Sviland;SN44800;02.04.2025;0;0;-;-
Sola;SN44560;02.04.2025;0;-;8,2;3,8
Sviland;SN44800;03.04.2025;0;0;-;-
Sola;SN44560;03.04.2025;0;-;7,2;6,1
Sviland;SN44800;04.04.2025;0;0;-;-
Sola;SN44560;04.04.2025;0;-;6,2;6,2
Sviland;SN44800;05.04.2025;0;0;-;-
Sola;SN44560;05.04.2025;0;-;5,6;5,9
Sviland;SN44800;06.04.2025;0;0;-;-
Sola;SN44560;06.04.2025;0;-;5,9;8,2
Sviland;SN44800;07.04.2025;0,1;0;-;-
Sola;SN44560;07.04.2025;0;-;6,4;7
Sviland;SN44800;08.04.2025;0;0;-;-
Sola;SN44560;08.04.2025;0;-;5,9;7,5
Sviland;SN44800;09.04.2025;0;0;-;-
Sola;SN44560;09.04.2025;0;-;7,8;13,3
Sviland;SN44800;10.04.2025;0;0;-;-
Sola;SN44560;10.04.2025;0;-;6,3;10,2
Sviland;SN44800;11.04.2025;3;0;-;-
Sola;SN44560;11.04.2025;1,1;-;8,2;7,4
Sviland;SN44800;12.04.2025;14;0;-;-
Sola;SN44560;12.04.2025;1;-;9,8;6,7
Sviland;SN44800;13.04.2025;0;0;-;-
Sola;SN44560;13.04.2025;0;-;11;10,5
Sviland;SN44800;14.04.2025;5;0;-;-
Sola;SN44560;14.04.2025;4,8;-;8,6;8,5
Sviland;SN44800;15.04.2025;0;0;-;-
Sola;SN44560;15.04.2025;0;-;12,9;10,6
Sviland;SN44800;16.04.2025;2;0;-;-
Sola;SN44560;16.04.2025;1,6;-;12,9;12,6
Sviland;SN44800;17.04.2025;2,2;0;-;-
Sola;SN44560;17.04.2025;0;-;9,2;10
Sviland;SN44800;18.04.2025;0;0;-;-
Sola;SN44560;18.04.2025;0,1;-;8,8;10,5
Sviland;SN44800;19.04.2025;0;0;-;-
Sola;SN44560;19.04.2025;0,1;-;9,9;9,5
Sviland;SN44800;20.04.2025;0;0;-;-
Sola;SN44560;20.04.2025;0;-;9,8;5,4
Sviland;SN44800;21.04.2025;0;0;-;-
Sola;SN44560;21.04.2025;0;-;9;5,2
Sviland;SN44800;22.04.2025;0,1;0;-;-
Sola;SN44560;22.04.2025;0;-;8,6;3,9
Sviland;SN44800;23.04.2025;0,1;0;-;-
Sola;SN44560;23.04.2025;0;-;9,3;6,9
Sviland;SN44800;24.04.2025;0,2;0;-;-
Sola;SN44560;24.04.2025;0;-;7,9;9,1
Sviland;SN44800;25.04.2025;0;0;-;-
Sola;SN44560;25.04.2025;0;-;7,5;7,2
Sviland;SN44800;26.04.2025;0;0;-;-
Sola;SN44560;26.04.2025;0;-;8,1;7,7
Sviland;SN44800;27.04.2025;0;0;-;-
Sola;SN44560;27.04.2025;0;-;10;8,3
Sviland;SN44800;28.04.2025;0,1;0;-;-
Sola;SN44560;28.04.2025;0;-;10,1;9
Sviland;SN44800;29.04.2025;5;0;-;-
Sola;SN44560;29.04.2025;1,3;-;9,3;4,9
Sviland;SN44800;30.04.2025;1,5;0;-;-
Sola;SN44560;30.04.2025;1,1;-;10,9;6,1
Sviland;SN44800;01.05.2025;0;0;-;-
Sola;SN44560;01.05.2025;0;-;11,1;10,9
Sviland;SN44800;02.05.2025;4;0;-;-
Sola;SN44560;02.05.2025;3,7;-;9,6;9,3
Sviland;SN44800;03.05.2025;9;0;-;-
Sola;SN44560;03.05.2025;1,3;-;8,8;13,2
Sviland;SN44800;04.05.2025;9;0;-;-
Sola;SN44560;04.05.2025;1,8;-;7,6;12,8
Sviland;SN44800;05.05.2025;0,1;0;-;-
Sola;SN44560;05.05.2025;2,2;-;7,8;10,3
Sviland;SN44800;06.05.2025;0,2;0;-;-
Sola;SN44560;06.05.2025;0,8;-;8,1;10,4
Sviland;SN44800;07.05.2025;0;0;-;-
Sola;SN44560;07.05.2025;0;-;9,5;9,2
Sviland;SN44800;08.05.2025;0;0;-;-
Sola;SN44560;08.05.2025;0;-;10,2;7,5
Sviland;SN44800;09.05.2025;0;0;-;-
Sola;SN44560;09.05.2025;0;-;10,3;7,7
Sviland;SN44800;10.05.2025;0;0;-;-
Sola;SN44560;10.05.2025;0;-;10,9;6,1
Sviland;SN44800;11.05.2025;0;0;-;-
Sola;SN44560;11.05.2025;0;-;11,5;7,1
Sviland;SN44800;12.05.2025;0;0;-;-
Sola;SN44560;12.05.2025;0;-;12,1;6,8
Sviland;SN44800;13.05.2025;0,1;0;-;-
Sola;SN44560;13.05.2025;0;-;11,4;9,7
Sviland;SN44800;14.05.2025;0;0;-;-
Sola;SN44560;14.05.2025;0;-;11,3;11,3
Sviland;SN44800;15.05.2025;0;0;-;-
Sola;SN44560;15.05.2025;0;-;11,6;10,6
Sviland;SN44800;16.05.2025;0;0;-;-
Sola;SN44560;16.05.2025;0;-;11,5;9,9
Sviland;SN44800;17.05.2025;0;0;-;-
Sola;SN44560;17.05.2025;0;-;12,5;9
Sviland;SN44800;18.05.2025;0;0;-;-
Sola;SN44560;18.05.2025;0;-;14,1;10
Sviland;SN44800;19.05.2025;0;0;-;-
Sola;SN44560;19.05.2025;0;-;13,4;7,8
Sviland;SN44800;20.05.2025;0;0;-;-
Sola;SN44560;20.05.2025;0;-;11,7;8,6
Sviland;SN44800;21.05.2025;0;0;-;-
Sola;SN44560;21.05.2025;0;-;9,5;18,2
Sviland;SN44800;22.05.2025;0,1;0;-;-
Sola;SN44560;22.05.2025;0,3;-;9,6;14,5
Sviland;SN44800;23.05.2025;1,5;0;-;-
Sola;SN44560;23.05.2025;0;-;9,4;10,4
Sviland;SN44800;24.05.2025;0;-;-;-
Sola;SN44560;24.05.2025;0;-;10;8,2
Sviland;SN44800;25.05.2025;3,5;-;-;-
Sola;SN44560;25.05.2025;0;-;12,3;10,4
Sviland;SN44800;26.05.2025;13;0;-;-
Sola;SN44560;26.05.2025;7,7;-;10,9;10,1
Sviland;SN44800;27.05.2025;3;0;-;-
Sola;SN44560;27.05.2025;3,8;-;10,8;11,6
Sviland;SN44800;28.05.2025;12;0;-;-
Sola;SN44560;28.05.2025;9;-;11,5;6,8
Sviland;SN44800;29.05.2025;0;0;-;-
Sola;SN44560;29.05.2025;0;-;11,6;11,2
Sviland;SN44800;30.05.2025;4;0;-;-
Sola;SN44560;30.05.2025;3,6;-;11,3;13,1
Sviland;SN44800;31.05.2025;0;0;-;-
Sola;SN44560;31.05.2025;0;-;11,6;6,2
Sviland;SN44800;01.06.2025;0;0;-;-
Sola;SN44560;01.06.2025;4,9;-;13,1;9,7
Sviland;SN44800;02.06.2025;7,5;0;-;-
Sola;SN44560;02.06.2025;3,9;-;10,8;9,6
Sviland;SN44800;03.06.2025;2,5;0;-;-
Sola;SN44560;03.06.2025;0,2;-;11,8;16,6
Sviland;SN44800;04.06.2025;12,5;0;-;-
Sola;SN44560;04.06.2025;8,8;-;11,5;9,8
Sviland;SN44800;05.06.2025;8,5;0;-;-
Sola;SN44560;05.06.2025;2,3;-;10,9;9,1
Sviland;SN44800;06.06.2025;6,5;0;-;-
Sola;SN44560;06.06.2025;3,8;-;10,8;6,2
Sviland;SN44800;07.06.2025;4,5;0;-;-
Sola;SN44560;07.06.2025;0;-;11,2;6
Sviland;SN44800;08.06.2025;4;0;-;-
Sola;SN44560;08.06.2025;0;-;10,6;9,7
Sviland;SN44800;09.06.2025;2;0;-;-
Sola;SN44560;09.06.2025;3,4;-;11,1;8,6
Sviland;SN44800;10.06.2025;6,5;0;-;-
Sola;SN44560;10.06.2025;5,5;-;11;10,2
Sviland;SN44800;11.06.2025;1,8;0;-;-
Sola;SN44560;11.06.2025;1,4;-;11,7;9
Sviland;SN44800;12.06.2025;0;0;-;-
Sola;SN44560;12.06.2025;0;-;13,8;7,3
Sviland;SN44800;13.06.2025;0;0;-;-
Sola;SN44560;13.06.2025;0;-;19,6;13,1
Sviland;SN44800;14.06.2025;0;0;-;-
Sola;SN44560;14.06.2025;0;-;20,8;9,2
Sviland;SN44800;15.06.2025;0;0;-;-
Sola;SN44560;15.06.2025;0;-;17,1;9,6
Sviland;SN44800;16.06.2025;6;0;-;-
Sola;SN44560;16.06.2025;4,2;-;13,2;8
Sviland;SN44800;17.06.2025;2;0;-;-
Sola;SN44560;17.06.2025;0,1;-;13,9;8,5
Sviland;SN44800;18.06.2025;2,5;0;-;-
Sola;SN44560;18.06.2025;0,7;-;12,9;8,3
Sviland;SN44800;19.06.2025;6,5;0;-;-
Sola;SN44560;19.06.2025;3,1;-;12,6;9,3
Sviland;SN44800;20.06.2025;0;0;-;-
Sola;SN44560;20.06.2025;0;-;13,9;7,7
Sviland;SN44800;21.06.2025;1;0;-;-
Sola;SN44560;21.06.2025;0;-;15;6,3
Sviland;SN44800;22.06.2025;0;0;-;-
Sola;SN44560;22.06.2025;0;-;17,7;14,4
Sviland;SN44800;23.06.2025;4;0;-;-
Sola;SN44560;23.06.2025;3,1;-;13,6;8
Sviland;SN44800;24.06.2025;26;0;-;-
Sola;SN44560;24.06.2025;10,7;-;12,3;9,5
Sviland;SN44800;25.06.2025;27;0;-;-
Sola;SN44560;25.06.2025;6;-;13,8;8,2
Sviland;SN44800;26.06.2025;0,1;0;-;-
Sola;SN44560;26.06.2025;0;-;13,9;8,3
Sviland;SN44800;27.06.2025;22;0;-;-
Sola;SN44560;27.06.2025;18,3;-;14,8;8,8
Sviland;SN44800;28.06.2025;15;0;-;-
Sola;SN44560;28.06.2025;7,5;-;15,8;9,7
Sviland;SN44800;29.06.2025;1;0;-;-
Sola;SN44560;29.06.2025;0,1;-;13,8;10,7
Sviland;SN44800;30.06.2025;0,2;0;-;-
Sola;SN44560;30.06.2025;0;-;15,6;8,9
Sviland;SN44800;01.07.2025;0;0;-;-
Sola;SN44560;01.07.2025;0;-;14,9;6,9
Sviland;SN44800;02.07.2025;8,5;0;-;-
Sola;SN44560;02.07.2025;4,1;-;14,1;9,8
Sviland;SN44800;03.07.2025;0;0;-;-
Sola;SN44560;03.07.2025;0;-;13,6;10,3
Sviland;SN44800;04.07.2025;0;0;-;-
Sola;SN44560;04.07.2025;7,6;-;13,6;7,1
Sviland;SN44800;05.07.2025;44;0;-;-
Sola;SN44560;05.07.2025;15;-;14;7,3
Sviland;SN44800;06.07.2025;17;0;-;-
Sola;SN44560;06.07.2025;9,8;-;14,2;5,1
Sviland;SN44800;07.07.2025;3;0;-;-
Sola;SN44560;07.07.2025;1,3;-;14,1;8,7
Sviland;SN44800;08.07.2025;2,5;0;-;-
Sola;SN44560;08.07.2025;0,9;-;15,6;5,2
Sviland;SN44800;09.07.2025;0;0;-;-
Sola;SN44560;09.07.2025;0;-;15,6;4,7
Sviland;SN44800;10.07.2025;1;0;-;-
Sola;SN44560;10.07.2025;0;-;15,7;6,4
Sviland;SN44800;11.07.2025;0;0;-;-
Sola;SN44560;11.07.2025;0;-;18,5;8,2
Sviland;SN44800;12.07.2025;0;0;-;-
Sola;SN44560;12.07.2025;0;-;21,4;6,8
Sviland;SN44800;13.07.2025;0;0;-;-
Sola;SN44560;13.07.2025;0;-;19,3;5,3
Sviland;SN44800;14.07.2025;0;0;-;-
Sola;SN44560;14.07.2025;0,2;-;19,6;4,9
Sviland;SN44800;15.07.2025;1;0;-;-
Sola;SN44560;15.07.2025;6,5;-;18,3;5,3
Sviland;SN44800;16.07.2025;3,3;0;-;-
Sola;SN44560;16.07.2025;2,5;-;19,3;4,9
Sviland;SN44800;17.07.2025;0,5;0;-;-
Sola;SN44560;17.07.2025;0,1;-;17,5;4,8
Sviland;SN44800;18.07.2025;0;0;-;-
Sola;SN44560;18.07.2025;0;-;18,3;5,5
Sviland;SN44800;19.07.2025;0;0;-;-
Sola;SN44560;19.07.2025;0;-;19,4;4,2
Sviland;SN44800;20.07.2025;0;0;-;-
Sola;SN44560;20.07.2025;0;-;24,2;8,8
Sviland;SN44800;21.07.2025;0;0;-;-
Sola;SN44560;21.07.2025;0,1;-;20,8;8,7
Sviland;SN44800;22.07.2025;13,4;0;-;-
Sola;SN44560;22.07.2025;9,3;-;18,9;5,2
Sviland;SN44800;23.07.2025;5;0;-;-
Sola;SN44560;23.07.2025;2,1;-;21,1;6,4
Sviland;SN44800;24.07.2025;0,9;0;-;-
Sola;SN44560;24.07.2025;0;-;19,7;7,9
Sviland;SN44800;25.07.2025;0;0;-;-
Sola;SN44560;25.07.2025;0;-;18;8,2
Sviland;SN44800;26.07.2025;2,5;0;-;-
Sola;SN44560;26.07.2025;1,1;-;17,3;7,5
Sviland;SN44800;27.07.2025;0,2;0;-;-
Sola;SN44560;27.07.2025;0;-;17,5;6,5
Sviland;SN44800;28.07.2025;1;0;-;-
Sola;SN44560;28.07.2025;0,8;-;16,8;8,1
Sviland;SN44800;29.07.2025;6,2;0;-;-
Sola;SN44560;29.07.2025;0,2;-;17,4;12,5
Sviland;SN44800;30.07.2025;0;0;-;-
Sola;SN44560;30.07.2025;0;-;18;8,6
Sviland;SN44800;31.07.2025;12,5;0;-;-
Sola;SN44560;31.07.2025;0;-;17,8;5,7
Sviland;SN44800;01.08.2025;0;0;-;-
Sola;SN44560;01.08.2025;0;-;17,4;10,6
Sviland;SN44800;02.08.2025;0,1;0;-;-
Sola;SN44560;02.08.2025;0;-;16,2;10
Sviland;SN44800;03.08.2025;1;0;-;-
Sola;SN44560;03.08.2025;0;-;15;9,2
Sviland;SN44800;04.08.2025;19,5;0;-;-
Sola;SN44560;04.08.2025;8,7;-;15,3;12,9
Sviland;SN44800;05.08.2025;54;0;-;-
Sola;SN44560;05.08.2025;18,1;-;13,5;17,6
Sviland;SN44800;06.08.2025;38;0;-;-
Sola;SN44560;06.08.2025;14,9;-;14,3;13
Sviland;SN44800;07.08.2025;12,1;0;-;-
Sola;SN44560;07.08.2025;6,6;-;15;9,4
Sviland;SN44800;08.08.2025;4,5;0;-;-
Sola;SN44560;08.08.2025;0;-;15,1;8,9
Sviland;SN44800;09.08.2025;1;0;-;-
Sola;SN44560;09.08.2025;0;-;15,5;9,9
Sviland;SN44800;10.08.2025;3,5;0;-;-
Sola;SN44560;10.08.2025;0,9;-;14,7;6,9
Sviland;SN44800;11.08.2025;1,5;0;-;-
Sola;SN44560;11.08.2025;0;-;14,3;6,8
Sviland;SN44800;12.08.2025;6;0;-;-
Sola;SN44560;12.08.2025;0,2;-;14,3;7,9
Sviland;SN44800;13.08.2025;2,5;0;-;-
Sola;SN44560;13.08.2025;12,5;-;19,5;6,4
Sviland;SN44800;14.08.2025;0;0;-;-
Sola;SN44560;14.08.2025;0,1;-;20,5;10,2
Sviland;SN44800;15.08.2025;11;0;-;-
Sola;SN44560;15.08.2025;12,3;-;15,8;9,8
Sviland;SN44800;16.08.2025;1,2;0;-;-
Sola;SN44560;16.08.2025;0;-;14,4;10,1
Sviland;SN44800;17.08.2025;0;0;-;-
Sola;SN44560;17.08.2025;0;-;15,8;8,7
Sviland;SN44800;18.08.2025;0,1;0;-;-
Sola;SN44560;18.08.2025;0;-;14,4;7,5
Sviland;SN44800;19.08.2025;0;0;-;-
Sola;SN44560;19.08.2025;0;-;14,9;9,5
Sviland;SN44800;20.08.2025;0;0;-;-
Sola;SN44560;20.08.2025;0;-;14;9,4
Sviland;SN44800;21.08.2025;0;0;-;-
Sola;SN44560;21.08.2025;0;-;13,2;12,1
Sviland;SN44800;22.08.2025;0,9;0;-;-
Sola;SN44560;22.08.2025;0,7;-;12,3;10,9
Sviland;SN44800;23.08.2025;0;0;-;-
Sola;SN44560;23.08.2025;0;-;13,2;10,3
Sviland;SN44800;24.08.2025;0;0;-;-
Sola;SN44560;24.08.2025;0;-;13;9,9
Sviland;SN44800;25.08.2025;0;0;-;-
Sola;SN44560;25.08.2025;0;-;12,6;6,8
Sviland;SN44800;26.08.2025;0;0;-;-
Sola;SN44560;26.08.2025;0;-;16,6;8,2
Sviland;SN44800;27.08.2025;1;0;-;-
Sola;SN44560;27.08.2025;0,1;-;17,9;8,2
Sviland;SN44800;28.08.2025;0,1;0;-;-
Sola;SN44560;28.08.2025;0,1;-;16,5;7,8
Sviland;SN44800;29.08.2025;9,3;0;-;-
Sola;SN44560;29.08.2025;11,9;-;17,3;6,9
Sviland;SN44800;30.08.2025;2,5;0;-;-
Sola;SN44560;30.08.2025;0;-;17,5;11,5
Sviland;SN44800;31.08.2025;6,5;0;-;-
Sola;SN44560;31.08.2025;2;-;16,4;12
Sviland;SN44800;01.09.2025;3,5;0;-;-
Sola;SN44560;01.09.2025;5;-;16,4;6,9
Sviland;SN44800;02.09.2025;6;0;-;-
Sola;SN44560;02.09.2025;2,1;-;16,5;8,9
Sviland;SN44800;03.09.2025;10;0;-;-
Sola;SN44560;03.09.2025;13,6;-;15,7;12
Sviland;SN44800;04.09.2025;37,5;0;-;-
Sola;SN44560;04.09.2025;34,6;-;16,3;11,2
Sviland;SN44800;05.09.2025;16;0;-;-
Sola;SN44560;05.09.2025;4,3;-;15,8;8
Sviland;SN44800;06.09.2025;0,5;0;-;-
Sola;SN44560;06.09.2025;0,2;-;14,4;4
Sviland;SN44800;07.09.2025;0;0;-;-
Sola;SN44560;07.09.2025;0;-;16;10,6
Sviland;SN44800;08.09.2025;0;0;-;-
Sola;SN44560;08.09.2025;0;-;17,9;11,7
Sviland;SN44800;09.09.2025;2,4;0;-;-
Sola;SN44560;09.09.2025;8,9;-;15,3;5,8
Sviland;SN44800;10.09.2025;16,9;0;-;-
Sola;SN44560;10.09.2025;7,3;-;15,6;8,1
Sviland;SN44800;11.09.2025;24;0;-;-
Sola;SN44560;11.09.2025;17,2;-;14,5;12,4
Sviland;SN44800;12.09.2025;12;0;-;-
Sola;SN44560;12.09.2025;7,6;-;13,6;8,7
Sviland;SN44800;13.09.2025;9,9;0;-;-
Sola;SN44560;13.09.2025;9,6;-;13,1;7,9
Sviland;SN44800;14.09.2025;18;0;-;-
Sola;SN44560;14.09.2025;11,2;-;13,3;6,4
Sviland;SN44800;15.09.2025;2,5;0;-;-
Sola;SN44560;15.09.2025;1,8;-;13,7;9,7
Sviland;SN44800;16.09.2025;51;0;-;-
Sola;SN44560;16.09.2025;19;-;13,5;12
Sviland;SN44800;17.09.2025;26,5;0;-;-
Sola;SN44560;17.09.2025;13;-;14,1;9
Sviland;SN44800;18.09.2025;4;0;-;-
Sola;SN44560;18.09.2025;1,8;-;14,8;8,9
Sviland;SN44800;19.09.2025;2,5;0;-;-
Sola;SN44560;19.09.2025;0,1;-;15;9,2
Sviland;SN44800;20.09.2025;32;0;-;-
Sola;SN44560;20.09.2025;11,9;-;13;5,4
Sviland;SN44800;21.09.2025;25;0;-;-
Sola;SN44560;21.09.2025;10;-;10,9;12,8
Sviland;SN44800;22.09.2025;12,5;0;-;-
Sola;SN44560;22.09.2025;6,9;-;8,4;13,5
Sviland;SN44800;23.09.2025;14;0;-;-
Sola;SN44560;23.09.2025;3,2;-;8,4;6,1
Sviland;SN44800;24.09.2025;0;0;-;-
Sola;SN44560;24.09.2025;0;-;8,3;3,8
Sviland;SN44800;25.09.2025;0;0;-;-
Sola;SN44560;25.09.2025;0;-;10,7;4,2
Sviland;SN44800;26.09.2025;0;0;-;-
Sola;SN44560;26.09.2025;0;-;12,6;8,5
Sviland;SN44800;27.09.2025;0;0;-;-
Sola;SN44560;27.09.2025;0,1;-;14,9;9,9
Sviland;SN44800;28.09.2025;0;0;-;-
Sola;SN44560;28.09.2025;0;-;14,7;10,1
Sviland;SN44800;29.09.2025;7;0;-;-
Sola;SN44560;29.09.2025;6,1;-;12,9;8,2
Sviland;SN44800;30.09.2025;1;0;-;-
Sola;SN44560;30.09.2025;0,3;-;13;8,4
Sviland;SN44800;01.10.2025;0,1;0;-;-
Sola;SN44560;01.10.2025;0;-;12,6;13
Sviland;SN44800;02.10.2025;1,5;0;-;-
Sola;SN44560;02.10.2025;0,6;-;12,2;11,2
Sviland;SN44800;03.10.2025;1;0;-;-
Sola;SN44560;03.10.2025;0,7;-;12,4;17,9
Sviland;SN44800;04.10.2025;67;0;-;-
Sola;SN44560;04.10.2025;32;-;11;21,3
Sviland;SN44800;05.10.2025;71;0;-;-
Sola;SN44560;05.10.2025;35,5;-;12,5;15
Sviland;SN44800;06.10.2025;2;0;-;-
Sola;SN44560;06.10.2025;0,6;-;11,6;12,1
Sviland;SN44800;07.10.2025;14;0;-;-
Sola;SN44560;07.10.2025;13,1;-;13,4;8
Sviland;SN44800;08.10.2025;5,5;0;-;-
Sola;SN44560;08.10.2025;3,3;-;12,1;6,5
Sviland;SN44800;09.10.2025;6;0;-;-
Sola;SN44560;09.10.2025;2,4;-;12,4;10,5
Sviland;SN44800;10.10.2025;8,5;0;-;-
Sola;SN44560;10.10.2025;2;-;12,4;11,5
Sviland;SN44800;11.10.2025;18;0;-;-
Sola;SN44560;11.10.2025;3,1;-;12,4;11
Sviland;SN44800;12.10.2025;6,5;0;-;-
Sola;SN44560;12.10.2025;2,3;-;12,2;7,3
Sviland;SN44800;13.10.2025;1;0;-;-
Sola;SN44560;13.10.2025;0,1;-;10,8;8,1
Sviland;SN44800;14.10.2025;0,1;0;-;-
Sola;SN44560;14.10.2025;0;-;12;7,9
Sviland;SN44800;15.10.2025;2;0;-;-
Sola;SN44560;15.10.2025;0;-;11,7;8,3
Sviland;SN44800;16.10.2025;2,5;0;-;-
Sola;SN44560;16.10.2025;1,5;-;10,8;9,9
Sviland;SN44800;17.10.2025;3;0;-;-
Sola;SN44560;17.10.2025;0,4;-;6,9;8,7
Sviland;SN44800;18.10.2025;0;0;-;-
Sola;SN44560;18.10.2025;0;-;6,5;4,8
Sviland;SN44800;19.10.2025;0,1;0;-;-
Sola;SN44560;19.10.2025;0,3;-;8,6;6,2
Sviland;SN44800;20.10.2025;0,1;0;-;-
Sola;SN44560;20.10.2025;0;-;10,3;9,1
Sviland;SN44800;21.10.2025;0;0;-;-
Sola;SN44560;21.10.2025;0;-;12,6;9,4
Sviland;SN44800;22.10.2025;3;0;-;-
Sola;SN44560;22.10.2025;5,5;-;-;-
Sviland;SN44800;23.10.2025;15;0;-;-
Sola;SN44560;23.10.2025;3,3;-;-;-
Sviland;SN44800;24.10.2025;0,8;0;-;-
Sola;SN44560;24.10.2025;2,6;-;-;-
Sviland;SN44800;25.10.2025;0,8;0;-;-
Sola;SN44560;25.10.2025;0,3;-;11;3,9
Sviland;SN44800;26.10.2025;0;0;-;-
Sola;SN44560;26.10.2025;0,4;-;7,9;9
Sviland;SN44800;27.10.2025;21,5;0;-;-
Sola;SN44560;27.10.2025;22,7;-;8,9;10,1
Sviland;SN44800;28.10.2025;2;0;-;-
Sola;SN44560;28.10.2025;1,9;-;5,7;9,8
Sviland;SN44800;29.10.2025;2;0;-;-
Sola;SN44560;29.10.2025;2,7;-;5,9;6,5
Sviland;SN44800;30.10.2025;8;0;-;-
Sola;SN44560;30.10.2025;6,2;-;7,1;5,3
Sviland;SN44800;31.10.2025;0;0;-;-
Sola;SN44560;31.10.2025;0;-;8,9;13,6
Sviland;SN44800;01.11.2025;6,5;0;-;-
Sola;SN44560;01.11.2025;1;-;11,6;12,9
Sviland;SN44800;02.11.2025;29;0;-;-
Sola;SN44560;02.11.2025;14,5;-;9,2;8,6
Sviland;SN44800;03.11.2025;7,5;0;-;-
Sola;SN44560;03.11.2025;4,7;-;9,9;10,7
Sviland;SN44800;04.11.2025;35;0;-;-
Sola;SN44560;04.11.2025;13,8;-;12,3;8,9
Sviland;SN44800;05.11.2025;38,5;0;-;-
Sola;SN44560;05.11.2025;32,7;-;12,2;7,6
Sviland;SN44800;06.11.2025;10,5;0;-;-
Sola;SN44560;06.11.2025;12,1;-;13,5;8,3
Sviland;SN44800;07.11.2025;0,1;0;-;-
Sola;SN44560;07.11.2025;0,1;-;10,8;6,7
Sviland;SN44800;08.11.2025;0;0;-;-
Sola;SN44560;08.11.2025;0;-;10,7;4,2
Sviland;SN44800;09.11.2025;1,5;0;-;-
Sola;SN44560;09.11.2025;1,1;-;10,6;4,1
Sviland;SN44800;10.11.2025;2;0;-;-
Sola;SN44560;10.11.2025;1,1;-;10,6;6,8
Sviland;SN44800;11.11.2025;1;0;-;-
Sola;SN44560;11.11.2025;0;-;10,2;11,5
Sviland;SN44800;12.11.2025;32;0;-;-
Sola;SN44560;12.11.2025;17,1;-;11,7;11,3
Sviland;SN44800;13.11.2025;5;0;-;-
Sola;SN44560;13.11.2025;3,4;-;6,7;9,4
Sviland;SN44800;14.11.2025;0,1;0;-;-
Sola;SN44560;14.11.2025;0,2;-;3,2;7,1
Sviland;SN44800;15.11.2025;0;0;-;-
Sola;SN44560;15.11.2025;0;-;0,5;4,6
Sviland;SN44800;16.11.2025;7;0;-;-
Sola;SN44560;16.11.2025;1,5;-;4,9;12
Sviland;SN44800;17.11.2025;2,8;0;-;-
Sola;SN44560;17.11.2025;3,9;-;3,8;11,6
Sviland;SN44800;18.11.2025;1,6;0;-;-
Sola;SN44560;18.11.2025;1,3;-;2;10,1
Sviland;SN44800;19.11.2025;1;1;-;-
Sola;SN44560;19.11.2025;0,7;-;-2;3,5
Sviland;SN44800;20.11.2025;0;1;-;-
Sola;SN44560;20.11.2025;0;-;-3,5;3,4
Sviland;SN44800;21.11.2025;0;1;-;-
Sola;SN44560;21.11.2025;0;-;-1,8;5
Sviland;SN44800;22.11.2025;21;0;-;-
Sola;SN44560;22.11.2025;10,5;-;7;9
Sviland;SN44800;23.11.2025;18,2;0;-;-
Sola;SN44560;23.11.2025;10,7;-;5,8;4,6
Sviland;SN44800;24.11.2025;1,2;0;-;-
Sola;SN44560;24.11.2025;2,5;-;3,2;5,7
Sviland;SN44800;25.11.2025;0;0;-;-
Sola;SN44560;25.11.2025;0;-;0,5;3,9
Sviland;SN44800;26.11.2025;0;0;-;-
Sola;SN44560;26.11.2025;0,7;-;3,4;7,2
Sviland;SN44800;27.11.2025;14;0;-;-
Sola;SN44560;27.11.2025;15,6;-;9,4;10,9
Sviland;SN44800;28.11.2025;15;0;-;-
Sola;SN44560;28.11.2025;7,9;-;9,4;12,9
Sviland;SN44800;29.11.2025;14,8;0;-;-
Sola;SN44560;29.11.2025;11,7;-;6;11,6
Sviland;SN44800;30.11.2025;8,4;0;-;-
Sola;SN44560;30.11.2025;9,3;-;5,4;7
Sviland;SN44800;01.12.2025;3;0;-;-
Sola;SN44560;01.12.2025;7,2;-;6,9;11,9
Sviland;SN44800;02.12.2025;31,5;0;-;-
Sola;SN44560;02.12.2025;24,4;-;8,9;12,6
Sviland;SN44800;03.12.2025;5,9;0;-;-
Sola;SN44560;03.12.2025;3,4;-;7,4;6,8
Sviland;SN44800;04.12.2025;5,3;0;-;-
Sola;SN44560;04.12.2025;7,8;-;6,6;6,7
Sviland;SN44800;05.12.2025;0;0;-;-
Sola;SN44560;05.12.2025;0;-;6,8;9,4
Sviland;SN44800;06.12.2025;0;0;-;-
Sola;SN44560;06.12.2025;0;-;6,8;9,3
Sviland;SN44800;07.12.2025;0;0;-;-
Sola;SN44560;07.12.2025;0;-;7,6;7,4
Sviland;SN44800;08.12.2025;1,1;0;-;-
Sola;SN44560;08.12.2025;0,4;-;7,7;8,6
Sviland;SN44800;09.12.2025;11,6;0;-;-
Sola;SN44560;09.12.2025;3,7;-;8,2;6,7
Sviland;SN44800;10.12.2025;5,4;0;-;-
Sola;SN44560;10.12.2025;5,1;-;10,3;11,8
Sviland;SN44800;11.12.2025;19;0;-;-
Sola;SN44560;11.12.2025;7,4;-;10;11,7
Sviland;SN44800;12.12.2025;18,9;0;-;-
Sola;SN44560;12.12.2025;6,9;-;9;7
Sviland;SN44800;13.12.2025;8,4;0;-;-
Sola;SN44560;13.12.2025;15,6;-;8,2;8,3
Sviland;SN44800;14.12.2025;51,3;0;-;-
Sola;SN44560;14.12.2025;25,8;-;9,5;10,4
Sviland;SN44800;15.12.2025;41,2;0;-;-
Sola;SN44560;15.12.2025;28,8;-;9,5;10,2
Sviland;SN44800;16.12.2025;44,4;0;-;-
Sola;SN44560;16.12.2025;40,7;-;8;6,5
Sviland;SN44800;17.12.2025;2,8;0;-;-
Sola;SN44560;17.12.2025;3,3;-;6,4;10,5
Sviland;SN44800;18.12.2025;35,2;0;-;-
Sola;SN44560;18.12.2025;28,4;-;9;12,7
Sviland;SN44800;19.12.2025;19,6;0;-;-
Sola;SN44560;19.12.2025;16,7;-;9,2;12
Sviland;SN44800;20.12.2025;13,5;0;-;-
Sola;SN44560;20.12.2025;29,2;-;7,7;10
Sviland;SN44800;21.12.2025;1,3;0;-;-
Sola;SN44560;21.12.2025;0;-;2,6;4,1
Sviland;SN44800;22.12.2025;0;0;-;-
Sola;SN44560;22.12.2025;0;-;2,3;2,4
Sviland;SN44800;23.12.2025;0;0;-;-
Sola;SN44560;23.12.2025;0;-;1,4;3,6
Sviland;SN44800;24.12.2025;0;0;-;-
Sola;SN44560;24.12.2025;0;-;-1,1;3,2
Sviland;SN44800;25.12.2025;0;0;-;-
Sola;SN44560;25.12.2025;0;-;-0,8;3,3
Sviland;SN44800;26.12.2025;0;0;-;-
Sola;SN44560;26.12.2025;0;-;0;3,1
Sviland;SN44800;27.12.2025;0,5;0;-;-
Sola;SN44560;27.12.2025;0,2;-;4,8;15,4
Sviland;SN44800;28.12.2025;0;0;-;-
Sola;SN44560;28.12.2025;0;-;3,5;10
Sviland;SN44800;29.12.2025;0,1;0;-;-
Sola;SN44560;29.12.2025;0,2;-;3,5;12,8
Sviland;SN44800;30.12.2025;0;0;-;-
Sola;SN44560;30.12.2025;0;-;1,2;8,6
Sviland;SN44800;31.12.2025;4,7;2;-;-
Sola;SN44560;31.12.2025;4,5;-;4,3;8,3
Sviland;SN44800;01.01.2026;13,9;5;-;-
Sola;SN44560;01.01.2026;9,1;-;3,6;14,7
Sviland;SN44800;02.01.2026;7,2;3;-;-
Sola;SN44560;02.01.2026;3,9;-;0;12,3
Sviland;SN44800;03.01.2026;0;3;-;-
Sola;SN44560;03.01.2026;0;-;-5,5;6,4
Sviland;SN44800;04.01.2026;0;3;-;-
Sola;SN44560;04.01.2026;0;-;-7,8;5
Sviland;SN44800;05.01.2026;0;3;-;-
Sola;SN44560;05.01.2026;0;-;-5,3;5,6
Sviland;SN44800;06.01.2026;4,7;8;-;-
Sola;SN44560;06.01.2026;6,2;-;-4,3;7,8
Sviland;SN44800;07.01.2026;0,1;8;-;-
Sola;SN44560;07.01.2026;0,2;-;-4,8;6,3
Sviland;SN44800;08.01.2026;0;8;-;-
Sola;SN44560;08.01.2026;0;-;-8,3;3,4
Sviland;SN44800;09.01.2026;0;8;-;-
Sola;SN44560;09.01.2026;0,1;-;-0,3;9
Sviland;SN44800;10.01.2026;0;8;-;-
Sola;SN44560;10.01.2026;0;-;-3,1;7,8
Sviland;SN44800;11.01.2026;0;8;-;-
Sola;SN44560;11.01.2026;0;-;0,1;14,3
Sviland;SN44800;12.01.2026;0,1;8;-;-
Sola;SN44560;12.01.2026;0;-;2;19,6
Sviland;SN44800;13.01.2026;0,1;8;-;-
Sola;SN44560;13.01.2026;0,7;-;3,8;12,4
Sviland;SN44800;14.01.2026;13,4;0;-;-
Sola;SN44560;14.01.2026;9;-;3,7;11,3
Sviland;SN44800;15.01.2026;6,9;0;-;-
Sola;SN44560;15.01.2026;3,9;-;4,9;11
Sviland;SN44800;16.01.2026;3,4;0;-;-
Sola;SN44560;16.01.2026;1,9;-;5,7;8
Sviland;SN44800;17.01.2026;8,2;0;-;-
Sola;SN44560;17.01.2026;7,1;-;3,4;4,6
Sviland;SN44800;18.01.2026;2,5;0;-;-
Sola;SN44560;18.01.2026;4,7;-;3,2;5,7
Sviland;SN44800;19.01.2026;0;0;-;-
Sola;SN44560;19.01.2026;0;-;2,6;7,3
Sviland;SN44800;20.01.2026;0;0;-;-
Sola;SN44560;20.01.2026;0;-;-1,5;3,5
Sviland;SN44800;21.01.2026;0;0;-;-
Sola;SN44560;21.01.2026;0;-;1;9,5
Sviland;SN44800;22.01.2026;0;0;-;-
Sola;SN44560;22.01.2026;0;-;1,2;10,3
Sviland;SN44800;23.01.2026;0;0;-;-
Sola;SN44560;23.01.2026;0;-;-0,5;11,4
Sviland;SN44800;24.01.2026;0;0;-;-
Sola;SN44560;24.01.2026;0;-;-0,6;7,6
Sviland;SN44800;25.01.2026;0;0;-;-
Sola;SN44560;25.01.2026;0;-;-;7,3
Sviland;SN44800;26.01.2026;0;0;-;-
Sola;SN44560;26.01.2026;0;-;-3,5;5
Sviland;SN44800;27.01.2026;0;0;-;-
Sola;SN44560;27.01.2026;0;-;-3,1;6,1
Sviland;SN44800;28.01.2026;0;0;-;-
Sola;SN44560;28.01.2026;0;-;-3,6;9,1
Sviland;SN44800;29.01.2026;0;0;-;-
Sola;SN44560;29.01.2026;0;-;-5,2;6,5
Sviland;SN44800;30.01.2026;0;0;-;-
Sola;SN44560;30.01.2026;0;-;-1,9;9,5
Sviland;SN44800;31.01.2026;0;0;-;-
Sola;SN44560;31.01.2026;0;-;-0,7;11,2
Sviland;SN44800;01.02.2026;0;0;-;-
Sola;SN44560;01.02.2026;0;-;-0,7;10,2
Sviland;SN44800;02.02.2026;0;0;-;-
Sola;SN44560;02.02.2026;0;-;-3,1;9,5
Sviland;SN44800;03.02.2026;0;0;-;-
Sola;SN44560;03.02.2026;0;-;-2,1;11,6
Sviland;SN44800;04.02.2026;0;0;-;-
Sola;SN44560;04.02.2026;0;-;-1,9;11,1
Sviland;SN44800;05.02.2026;0;0;-;-
Sola;SN44560;05.02.2026;0;-;-1,8;8,8
Sviland;SN44800;06.02.2026;0;0;-;-
Sola;SN44560;06.02.2026;0;-;-0,8;7,3
Sviland;SN44800;07.02.2026;0,1;0;-;-
Sola;SN44560;07.02.2026;0,5;-;0,5;8,7
Sviland;SN44800;08.02.2026;0;0;-;-
Sola;SN44560;08.02.2026;0,3;-;0,7;7,3
Sviland;SN44800;09.02.2026;0;0;-;-
Sola;SN44560;09.02.2026;0;-;0,9;8,1
Sviland;SN44800;10.02.2026;0;0;-;-
Sola;SN44560;10.02.2026;0;-;0,7;6,3
Sviland;SN44800;11.02.2026;0;0;-;-
Sola;SN44560;11.02.2026;0;-;-0,4;6,8
Sviland;SN44800;12.02.2026;0;0;-;-
Sola;SN44560;12.02.2026;0;-;-3,9;3,4
Sviland;SN44800;13.02.2026;0;0;-;-
Sola;SN44560;13.02.2026;0;-;-3,1;6,9
Sviland;SN44800;14.02.2026;0,1;0;-;-
Sola;SN44560;14.02.2026;0,2;-;-1;13
Sviland;SN44800;15.02.2026;0,6;0;-;-
Sola;SN44560;15.02.2026;0,4;-;0,8;13,1
Sviland;SN44800;16.02.2026;1,5;1;-;-
Sola;SN44560;16.02.2026;0,9;-;0,3;13
Sviland;SN44800;17.02.2026;0;1;-;-
Sola;SN44560;17.02.2026;0;-;-0,9;8,5
Sviland;SN44800;18.02.2026;1,5;2;-;-
Sola;SN44560;18.02.2026;0,1;-;-1,3;9,7
Sviland;SN44800;19.02.2026;8;10;-;-
Sola;SN44560;19.02.2026;2,5;-;-1,8;6,1
Sviland;SN44800;20.02.2026;0;10;-;-
Sola;SN44560;20.02.2026;0;-;2;11,9
Sviland;SN44800;21.02.2026;24,8;1;-;-
Sola;SN44560;21.02.2026;16,3;-;4,1;9,8
Sviland;SN44800;22.02.2026;0;1;-;-
Sola;SN44560;22.02.2026;0,4;-;3;11,2
Sviland;SN44800;23.02.2026;3,8;0;-;-
Sola;SN44560;23.02.2026;2;-;4,1;6,3
Sviland;SN44800;24.02.2026;8;0;-;-
Sola;SN44560;24.02.2026;3,8;-;3,8;9,2
Sviland;SN44800;25.02.2026;0;0;-;-
Sola;SN44560;25.02.2026;0;-;6;11,8
Sviland;SN44800;26.02.2026;16;0;-;-
Sola;SN44560;26.02.2026;10,9;-;6,9;9,4
Sviland;SN44800;27.02.2026;26,5;0;-;-
Sola;SN44560;27.02.2026;12,9;-;6,6;8,9
Sviland;SN44800;28.02.2026;0,2;0;-;-
Sola;SN44560;28.02.2026;0;-;2,2;4
Sviland;SN44800;01.03.2026;4,5;0;-;-
Sola;SN44560;01.03.2026;3,4;-;3,9;6
Sviland;SN44800;02.03.2026;0,1;0;-;-
Sola;SN44560;02.03.2026;1,5;-;7,1;10,7
Sviland;SN44800;03.03.2026;6,5;0;-;-
Sola;SN44560;03.03.2026;3,3;-;5,9;11,1
Sviland;SN44800;04.03.2026;1,5;0;-;-
Sola;SN44560;04.03.2026;0,3;-;5,2;7,3
Sviland;SN44800;05.03.2026;0;0;-;-
Sola;SN44560;05.03.2026;0;-;6,7;8,4
Sviland;SN44800;06.03.2026;0;0;-;-
Sola;SN44560;06.03.2026;0;-;6,1;5,9
Sviland;SN44800;07.03.2026;5,6;0;-;-
Sola;SN44560;07.03.2026;3,7;-;5,6;4,5
Sviland;SN44800;08.03.2026;0,5;0;-;-
Sola;SN44560;08.03.2026;0,3;-;4,9;7,4
Sviland;SN44800;09.03.2026;2;0;-;-
Sola;SN44560;09.03.2026;3,2;-;4,7;9,4
Sviland;SN44800;10.03.2026;0;0;-;-
Sola;SN44560;10.03.2026;0;-;4,6;9
Sviland;SN44800;11.03.2026;3,5;0;-;-
Sola;SN44560;11.03.2026;0;-;6,3;12,5
Sviland;SN44800;12.03.2026;5;0;-;-
Sola;SN44560;12.03.2026;3,4;-;6,2;15,5
Sviland;SN44800;13.03.2026;24;0;-;-
Sola;SN44560;13.03.2026;12,1;-;5;14,7
Sviland;SN44800;14.03.2026;16,1;0;-;-
Sola;SN44560;14.03.2026;5;-;4,8;8
Sviland;SN44800;15.03.2026;4,4;0;-;-
Sola;SN44560;15.03.2026;0;-;4,8;13,2
Sviland;SN44800;16.03.2026;27;0;-;-
Sola;SN44560;16.03.2026;15,8;-;5,7;11,8
Sviland;SN44800;17.03.2026;0,1;0;-;-
Sola;SN44560;17.03.2026;0,1;-;7,6;12
Sviland;SN44800;18.03.2026;0,1;0;-;-
Sola;SN44560;18.03.2026;0,6;-;7,9;11,9
Sviland;SN44800;19.03.2026;0;0;-;-
Sola;SN44560;19.03.2026;0;-;6,5;5,6
Sviland;SN44800;20.03.2026;0;0;-;-
Sola;SN44560;20.03.2026;0;-;6;3,9
Sviland;SN44800;21.03.2026;0;0;-;-
Sola;SN44560;21.03.2026;0;-;6,4;8,7
Sviland;SN44800;22.03.2026;0;0;-;-
Sola;SN44560;22.03.2026;0;-;5;12
Sviland;SN44800;23.03.2026;3,5;0;-;-
Sola;SN44560;23.03.2026;2,4;-;5,1;6,5
Sviland;SN44800;24.03.2026;8;0;-;-
Sola;SN44560;24.03.2026;3,8;-;6,9;11,3
Sviland;SN44800;25.03.2026;8,2;0;-;-
Sola;SN44560;25.03.2026;3,3;-;4,9;15,5
Sviland;SN44800;26.03.2026;20,2;6;-;-
Sola;SN44560;26.03.2026;12,8;-;4,1;16,8
Sviland;SN44800;27.03.2026;1,2;1;-;-
Sola;SN44560;27.03.2026;1,2;-;4,1;10
Sviland;SN44800;28.03.2026;22;0;-;-
Sola;SN44560;28.03.2026;18,6;-;5,4;8,5
Sviland;SN44800;29.03.2026;9,1;0;-;-
Sola;SN44560;29.03.2026;3,1;-;5;12,6
Sviland;SN44800;30.03.2026;25,5;2;-;-
Sola;SN44560;30.03.2026;18,4;-;5,9;9,4
Sviland;SN44800;31.03.2026;6,4;0;-;-
Sola;SN44560;31.03.2026;1,7;-;6,9;10,5
Sviland;SN44800;01.04.2026;0,7;0;-;-
Sola;SN44560;01.04.2026;0,4;-;8;8,3
Sviland;SN44800;02.04.2026;13,2;0;-;-
Sola;SN44560;02.04.2026;8,3;-;4,8;12,1
Sviland;SN44800;03.04.2026;0;0;-;-
Sola;SN44560;03.04.2026;0,2;-;3,8;14
Sviland;SN44800;04.04.2026;15,5;0;-;-
Sola;SN44560;04.04.2026;7,3;-;5,9;11
Sviland;SN44800;05.04.2026;15,9;0;-;-
Sola;SN44560;05.04.2026;9,9;-;5,6;23
Sviland;SN44800;06.04.2026;13;0;-;-
Sola;SN44560;06.04.2026;7,8;-;6,6;13,5
Sviland;SN44800;07.04.2026;0;0;-;-
Sola;SN44560;07.04.2026;0,1;-;5,2;6,1
Sviland;SN44800;08.04.2026;0;0;-;-
Sola;SN44560;08.04.2026;0;-;7,9;10,8
Sviland;SN44800;09.04.2026;0;0;-;-
Sola;SN44560;09.04.2026;0;-;9,7;15,9
Sviland;SN44800;10.04.2026;1;1;-;-
Sola;SN44560;10.04.2026;0;-;4,4;17,8
Sviland;SN44800;11.04.2026;0,1;0;-;-
Sola;SN44560;11.04.2026;0,8;-;6;14,5
Sviland;SN44800;12.04.2026;13,6;0;-;-
Sola;SN44560;12.04.2026;6,1;-;7,4;14,8
Sviland;SN44800;13.04.2026;0,6;0;-;-
Sola;SN44560;13.04.2026;0;-;9,3;12,6
Sviland;SN44800;14.04.2026;0;0;-;-
Sola;SN44560;14.04.2026;0;-;6,4;7,7
Sviland;SN44800;15.04.2026;3;0;-;-
Sola;SN44560;15.04.2026;2,1;-;7,7;10,5
Sviland;SN44800;16.04.2026;0,6;0;-;-
Sola;SN44560;16.04.2026;0,9;-;9;14,4
Sviland;SN44800;17.04.2026;0;0;-;-
Sola;SN44560;17.04.2026;0,3;-;9,9;10,1
Sviland;SN44800;18.04.2026;0,5;0;-;-
Sola;SN44560;18.04.2026;2,1;-;9,7;9,4
Sviland;SN44800;19.04.2026;8;0;-;-
Sola;SN44560;19.04.2026;6,2;-;7,3;4,4
Sviland;SN44800;20.04.2026;1,3;0;-;-
Sola;SN44560;20.04.2026;3,1;-;9,2;5,2
Sviland;SN44800;21.04.2026;0;0;-;-
Sola;SN44560;21.04.2026;0;-;7,3;6,3
Sviland;SN44800;22.04.2026;0;0;-;-
Sola;SN44560;22.04.2026;0;-;7,2;9,4
Sviland;SN44800;23.04.2026;0;0;-;-
Sola;SN44560;23.04.2026;0;-;7,9;13,8
Sviland;SN44800;24.04.2026;0;0;-;-
Sola;SN44560;24.04.2026;0;-;7,7;11,6
Sviland;SN44800;25.04.2026;1,7;0;-;-
Sola;SN44560;25.04.2026;0;-;6,8;14,9
Sviland;SN44800;26.04.2026;0;0;-;-
Sola;SN44560;26.04.2026;0,2;-;5,7;11,5
Sviland;SN44800;27.04.2026;0;0;-;-
Sola;SN44560;27.04.2026;0;-;6,2;7
Sviland;SN44800;28.04.2026;0;0;-;-
Sola;SN44560;28.04.2026;0;-;7,4;7,7
Sviland;SN44800;29.04.2026;0;0;-;-
Sola;SN44560;29.04.2026;0;-;8,6;6,8
Sviland;SN44800;30.04.2026;0,1;0;-;-
Sola;SN44560;30.04.2026;0;-;6,4;5,2
Sviland;SN44800;01.05.2026;0;0;-;-
Sola;SN44560;01.05.2026;0,1;-;11,1;10
Sviland;SN44800;02.05.2026;0;0;-;-
Sola;SN44560;02.05.2026;0;-;9,3;7,1
Sviland;SN44800;03.05.2026;0,5;0;-;-
Sola;SN44560;03.05.2026;0,1;-;7,1;9,2
Sviland;SN44800;04.05.2026;0;0;-;-
Sola;SN44560;04.05.2026;0,1;-;7,3;9,1
Sviland;SN44800;05.05.2026;0;0;-;-
Sola;SN44560;05.05.2026;0,2;-;4,8;7,5
Sviland;SN44800;06.05.2026;0;0;-;-
Sola;SN44560;06.05.2026;0;-;5,9;8,9
Sviland;SN44800;07.05.2026;0;0;-;-
Sola;SN44560;07.05.2026;0;-;7,9;8,6
Sviland;SN44800;08.05.2026;0;0;-;-
Sola;SN44560;08.05.2026;0;-;9,1;9
Sviland;SN44800;09.05.2026;0;0;-;-
Sola;SN44560;09.05.2026;0;-;8,2;6,7
Sviland;SN44800;10.05.2026;3,4;0;-;-
Sola;SN44560;10.05.2026;3,9;-;5,7;8,5
Sviland;SN44800;11.05.2026;0,5;0;-;-
Sola;SN44560;11.05.2026;0,6;-;6,8;11,4
Sviland;SN44800;12.05.2026;0;0;-;-
Sola;SN44560;12.05.2026;0,1;-;6,7;10,1
Sviland;SN44800;13.05.2026;6,1;0;-;-
Sola;SN44560;13.05.2026;1,2;-;8,3;8,6
Sviland;SN44800;14.05.2026;7,2;0;-;-
Sola;SN44560;14.05.2026;1,8;-;8,8;10,9
Sviland;SN44800;15.05.2026;3,8;0;-;-
Sola;SN44560;15.05.2026;0;-;8,8;6,6
Sviland;SN44800;16.05.2026;0,3;0;-;-
Sola;SN44560;16.05.2026;0,7;-;10,1;5,5
Sviland;SN44800;17.05.2026;6,1;0;-;-
Sola;SN44560;17.05.2026;0,4;-;9,9;9,7
Sviland;SN44800;18.05.2026;7;0;-;-
Sola;SN44560;18.05.2026;6,1;-;10,1;7,6
Sviland;SN44800;19.05.2026;24;0;-;-
Sola;SN44560;19.05.2026;34,7;-;12,3;8,6
Sviland;SN44800;20.05.2026;1,2;0;-;-
Sola;SN44560;20.05.2026;0;-;13,8;11,7
Sviland;SN44800;21.05.2026;3;0;-;-
Sola;SN44560;21.05.2026;1,6;-;11;7,3
Sviland;SN44800;22.05.2026;0;0;-;-
Sola;SN44560;22.05.2026;0;-;15,4;6,8
Sviland;SN44800;23.05.2026;10,2;0;-;-
Sola;SN44560;23.05.2026;10,2;-;13,4;9,6
Sviland;SN44800;24.05.2026;0,1;0;-;-
Sola;SN44560;24.05.2026;2,4;-;12,4;6,8
Sviland;SN44800;25.05.2026;0;0;-;-
Sola;SN44560;25.05.2026;0;-;13,1;8,2
Sviland;SN44800;26.05.2026;0,1;0;-;-
Sola;SN44560;26.05.2026;0;-;11,3;8,8
Sviland;SN44800;27.05.2026;0;0;-;-
Sola;SN44560;27.05.2026;0,1;-;10,7;10,8
Sviland;SN44800;28.05.2026;0;0;-;-
Sola;SN44560;28.05.2026;0;-;11,3;9,7
Sviland;SN44800;29.05.2026;0;0;-;-
Sola;SN44560;29.05.2026;0;-;12;10,8
Sviland;SN44800;30.05.2026;6;0;-;-
Sola;SN44560;30.05.2026;1;-;11,8;6
Sviland;SN44800;31.05.2026;1,5;0;-;-
Sola;SN44560;31.05.2026;0;-;11,6;4,8
Sviland;SN44800;01.06.2026;9,9;0;-;-
Sola;SN44560;01.06.2026;8,1;-;13,1;7,3
Sviland;SN44800;02.06.2026;1,5;0;-;-
Sola;SN44560;02.06.2026;0,7;-;15,5;9,7
Sviland;SN44800;03.06.2026;1,5;0;-;-
Sola;SN44560;03.06.2026;1,5;-;15,9;9,9
Sviland;SN44800;04.06.2026;7;0;-;-
Sola;SN44560;04.06.2026;4,6;-;14,8;10,3
Sviland;SN44800;05.06.2026;7,7;0;-;-
Sola;SN44560;05.06.2026;4,2;-;12,9;7,5
Sviland;SN44800;06.06.2026;8,6;0;-;-
Sola;SN44560;06.06.2026;3,3;-;13,5;6,2
Sviland;SN44800;07.06.2026;0;0;-;-
Sola;SN44560;07.06.2026;0;-;14,6;7,2
Sviland;SN44800;08.06.2026;0,1;0;-;-
Sola;SN44560;08.06.2026;0;-;13,5;8,9
Sviland;SN44800;09.06.2026;37;0;-;-
Sola;SN44560;09.06.2026;35,3;-;11,7;8,7
Sviland;SN44800;10.06.2026;30;0;-;-
Sola;SN44560;10.06.2026;22,3;-;10,5;8,1
Sviland;SN44800;11.06.2026;15,5;0;-;-
Sola;SN44560;11.06.2026;2,1;-;12,3;8,2
Sviland;SN44800;12.06.2026;3,6;0;-;-
Sola;SN44560;12.06.2026;2;-;12;9
Sviland;SN44800;13.06.2026;10;0;-;-
Sola;SN44560;13.06.2026;8,1;-;12,4;9,4
Sviland;SN44800;14.06.2026;0,1;0;-;-
Sola;SN44560;14.06.2026;2,8;-;13,7;9,2
Sviland;SN44800;15.06.2026;0;0;-;-
Sola;SN44560;15.06.2026;0;-;12,1;12,2
Sviland;SN44800;16.06.2026;0;0;-;-
Sola;SN44560;16.06.2026;0;-;11,9;9,1
Sviland;SN44800;17.06.2026;0;0;-;-
Sola;SN44560;17.06.2026;0;-;11,5;6,4
Sviland;SN44800;18.06.2026;5,6;0;-;-
Sola;SN44560;18.06.2026;4,8;-;15,1;6,3
Sviland;SN44800;19.06.2026;0,9;0;-;-
Sola;SN44560;19.06.2026;1,7;-;18,9;10,6
Sviland;SN44800;20.06.2026;0,6;0;-;-
Sola;SN44560;20.06.2026;0,7;-;15,5;8,2
Sviland;SN44800;21.06.2026;5;0;-;-
Sola;SN44560;21.06.2026;4;-;14;7,6
Sviland;SN44800;22.06.2026;0;0;-;-
Sola;SN44560;22.06.2026;0;-;13,6;8,5
Sviland;SN44800;23.06.2026;0;0;-;-
Sola;SN44560;23.06.2026;0;-;14,8;7,6
Sviland;SN44800;24.06.2026;0;0;-;-
Sola;SN44560;24.06.2026;0,7;-;15,4;8,6
Sviland;SN44800;25.06.2026;0;0;-;-
Sola;SN44560;25.06.2026;0;-;16;7,8
Sviland;SN44800;26.06.2026;0;0;-;-
Sola;SN44560;26.06.2026;0;-;17,2;9,2
Sviland;SN44800;27.06.2026;1;0;-;-
Sola;SN44560;27.06.2026;2,8;-;18,9;10,4
Sviland;SN44800;28.06.2026;0;0;-;-
Sola;SN44560;28.06.2026;0,1;-;19,7;11
Sviland;SN44800;29.06.2026;0;0;-;-
Sola;SN44560;29.06.2026;0;-;16,1;8,5
Sviland;SN44800;30.06.2026;0;0;-;-
Sola;SN44560;30.06.2026;0;-;15;5,4
Sviland;SN44800;01.07.2026;0;0;-;-
Sola;SN44560;01.07.2026;0;-;16,7;6,1
Sviland;SN44800;02.07.2026;3,1;0;-;-
Sola;SN44560;02.07.2026;3,2;-;15,2;10,4
Sviland;SN44800;03.07.2026;69;0;-;-
Sola;SN44560;03.07.2026;7;-;13,8;15,6
Sviland;SN44800;04.07.2026;0,4;0;-;-
Sola;SN44560;04.07.2026;0;-;14,9;7,1
Sviland;SN44800;05.07.2026;1;0;-;-
Sola;SN44560;05.07.2026;0,3;-;13,6;10,6
Sviland;SN44800;06.07.2026;0;0;-;-
Sola;SN44560;06.07.2026;0;-;12,6;6,1
Sviland;SN44800;07.07.2026;0,1;0;-;-
Sola;SN44560;07.07.2026;0;-;13,8;11,4
Sviland;SN44800;08.07.2026;0,2;0;-;-
Sola;SN44560;08.07.2026;0;-;14,4;8,6
Sviland;SN44800;09.07.2026;0;0;-;-
Sola;SN44560;09.07.2026;0;-;16,9;8
Sviland;SN44800;10.07.2026;0;0;-;-
Sola;SN44560;10.07.2026;0;-;19;6,7
Sviland;SN44800;11.07.2026;0;0;-;-
Sola;SN44560;11.07.2026;0;-;16;9,7
Sviland;SN44800;12.07.2026;0;0;-;-
Sola;SN44560;12.07.2026;0;-;15,4;9,9
Sviland;SN44800;13.07.2026;0;0;-;-
Sola;SN44560;13.07.2026;0;-;17,4;6,2
Sviland;SN44800;14.07.2026;0;0;-;-
Sola;SN44560;14.07.2026;0;-;15,8;4,5
Sviland;SN44800;15.07.2026;0;0;-;-
Sola;SN44560;15.07.2026;0;-;16,1;4,6
Sviland;SN44800;16.07.2026;0;0;-;-
Sola;SN44560;16.07.2026;0;-;16,5;4,3
Sviland;SN44800;17.07.2026;1,1;0;-;-
Sola;SN44560;17.07.2026;1;-;14,7;7,4
Sviland;SN44800;18.07.2026;0;0;-;-
Sola;SN44560;18.07.2026;0;-;14,8;11,2
Sviland;SN44800;19.07.2026;0;0;-;-
Sola;SN44560;19.07.2026;0;-;13,8;10,4
Sviland;SN44800;20.07.2026;0;0;-;-
Sola;SN44560;20.07.2026;0;-;13;9
Sviland;SN44800;21.07.2026;0;0;-;-
Sola;SN44560;21.07.2026;0;-;13,6;7,7
Sviland;SN44800;22.07.2026;0,9;0;-;-
Sola;SN44560;22.07.2026;0;-;13,5;12,5
Sviland;SN44800;23.07.2026;0;0;-;-
Sola;SN44560;23.07.2026;0;-;12,9;10,5
Sviland;SN44800;24.07.2026;4,4;0;-;-
Sola;SN44560;24.07.2026;1,5;-;14,2;5,7
Sviland;SN44800;25.07.2026;6,9;0;-;-
Sola;SN44560;25.07.2026;2,5;-;14,1;9,3
Sviland;SN44800;26.07.2026;24,4;0;-;-
Sola;SN44560;26.07.2026;10,2;-;13,7;7,8
Sviland;SN44800;27.07.2026;5,9;0;-;-
Sola;SN44560;27.07.2026;1,3;-;12,5;10,1
Sviland;SN44800;28.07.2026;4,6;0;-;-
Sola;SN44560;28.07.2026;1,3;-;14,5;7,3
Sviland;SN44800;29.07.2026;4;0;-;-
Sola;SN44560;29.07.2026;7,4;-;18;8,4
Sviland;SN44800;30.07.2026;0,6;0;-;-
Sola;SN44560;30.07.2026;1,5;-;15,5;8,9
Sviland;SN44800;31.07.2026;0,1;0;-;-
Sola;SN44560;31.07.2026;0,7;-;13,9;5,8
Sviland;SN44800;01.08.2026;0,2;0;-;-
Sola;SN44560;01.08.2026;0,6;-;13,5;7,4
Sviland;SN44800;02.08.2026;18,7;0;-;-
Sola;SN44560;02.08.2026;9;-;13,9;8
Sviland;SN44800;03.08.2026;4,7;0;-;-
Sola;SN44560;03.08.2026;1,2;-;14,8;5,2
Sviland;SN44800;04.08.2026;0,1;0;-;-
Sola;SN44560;04.08.2026;0;-;15,2;5,4
Sviland;SN44800;05.08.2026;3,9;0;-;-
Sola;SN44560;05.08.2026;5,4;-;16,2;7,7
Sviland;SN44800;06.08.2026;16,6;0;-;-
Sola;SN44560;06.08.2026;4,5;-;14,7;10,7
Sviland;SN44800;07.08.2026;3,5;0;-;-
Sola;SN44560;07.08.2026;0;-;13,8;9,7
Sviland;SN44800;08.08.2026;0,5;0;-;-
Sola;SN44560;08.08.2026;0,4;-;16,1;9,5
Sviland;SN44800;09.08.2026;0,7;0;-;-
Sola;SN44560;09.08.2026;0,5;-;15,6;8,2
Sviland;SN44800;10.08.2026;21,4;0;-;-
Sola;SN44560;10.08.2026;18,2;-;13,7;11,3
Sviland;SN44800;11.08.2026;6;0;-;-
Sola;SN44560;11.08.2026;0,4;-;13;9,3
Sviland;SN44800;12.08.2026;0,1;0;-;-
Sola;SN44560;12.08.2026;0,2;-;15;7,5
Sviland;SN44800;13.08.2026;0;0;-;-
Sola;SN44560;13.08.2026;0;-;17,6;7,6
Sviland;SN44800;14.08.2026;3,9;0;-;-
Sola;SN44560;14.08.2026;3,6;-;17,9;7,1
Sviland;SN44800;15.08.2026;9;0;-;-
Sola;SN44560;15.08.2026;1,8;-;15,1;8,9
Sviland;SN44800;16.08.2026;2,5;0;-;-
Sola;SN44560;16.08.2026;1,7;-;14,3;7,5
Sviland;SN44800;17.08.2026;0,5;0;-;-
Sola;SN44560;17.08.2026;0,7;-;13,2;9,7
Sviland;SN44800;18.08.2026;0,1;0;-;-
Sola;SN44560;18.08.2026;0,1;-;12,7;5,5
Sviland;SN44800;19.08.2026;0;0;-;-
Sola;SN44560;19.08.2026;0,2;-;12,3;5,7
Sviland;SN44800;20.08.2026;0;0;-;-
Sola;SN44560;20.08.2026;0;-;13,4;5,3
Sviland;SN44800;21.08.2026;0;0;-;-
Sola;SN44560;21.08.2026;0;-;13,2;11
Sviland;SN44800;22.08.2026;1,5;0;-;-
Sola;SN44560;22.08.2026;0;-;13,8;12,8
Sviland;SN44800;23.08.2026;1;0;-;-
Sola;SN44560;23.08.2026;0,1;-;13,5;10,4
Sviland;SN44800;24.08.2026;0;0;-;-
Sola;SN44560;24.08.2026;0;-;14,3;7,8
Sviland;SN44800;25.08.2026;0;0;-;-
Sola;SN44560;25.08.2026;0,1;-;14,9;4,8
Sviland;SN44800;26.08.2026;0;0;-;-
Sola;SN44560;26.08.2026;0,1;-;19,3;7,3
Sviland;SN44800;27.08.2026;0;0;-;-
Sola;SN44560;27.08.2026;0;-;18,2;6,9
Sviland;SN44800;28.08.2026;0;0;-;-
Sola;SN44560;28.08.2026;0;-;18,5;11,8
Sviland;SN44800;29.08.2026;8;0;-;-
Sola;SN44560;29.08.2026;11,9;-;16,5;7,5
Sviland;SN44800;30.08.2026;8;0;-;-
Sola;SN44560;30.08.2026;8,5;-;15;5,5
Sviland;SN44800;31.08.2026;0,1;0;-;-
Sola;SN44560;31.08.2026;0;-;15;5,5
Sviland;SN44800;01.09.2026;0;0;-;-
Sola;SN44560;01.09.2026;0,1;-;14,2;6,4
Sviland;SN44800;02.09.2026;7;0;-;-
Sola;SN44560;02.09.2026;6,2;-;13,3;8,7
Sviland;SN44800;03.09.2026;2,2;0;-;-
Sola;SN44560;03.09.2026;0,4;-;12,5;7,2
Sviland;SN44800;04.09.2026;14,8;0;-;-
Sola;SN44560;04.09.2026;7;-;14,1;9,8
Sviland;SN44800;05.09.2026;27,2;0;-;-
Sola;SN44560;05.09.2026;9,5;-;13,7;13,6
Sviland;SN44800;06.09.2026;20,5;0;-;-
Sola;SN44560;06.09.2026;8,9;-;13,7;10,8
Sviland;SN44800;07.09.2026;15,5;0;-;-
Sola;SN44560;07.09.2026;13;-;15,5;9
Sviland;SN44800;08.09.2026;20,9;0;-;-
Sola;SN44560;08.09.2026;21,1;-;13,7;10,3
Sviland;SN44800;09.09.2026;9;0;-;-
Sola;SN44560;09.09.2026;3,5;-;12,4;13,1
Sviland;SN44800;10.09.2026;1,2;0;-;-
Sola;SN44560;10.09.2026;0;-;12,3;9,4
Sviland;SN44800;11.09.2026;1,5;0;-;-
Sola;SN44560;11.09.2026;7,6;-;14,2;9,2
Sviland;SN44800;12.09.2026;10,4;0;-;-
Sola;SN44560;12.09.2026;0;-;12,2;9,6
Sviland;SN44800;13.09.2026;14,5;0;-;-
Sola;SN44560;13.09.2026;7,2;-;12,6;8
Sviland;SN44800;14.09.2026;0,5;0;-;-
Sola;SN44560;14.09.2026;0;-;12,5;6,7
Sviland;SN44800;15.09.2026;4,5;0;-;-
Sola;SN44560;15.09.2026;8,3;-;15,4;9,1
Sviland;SN44800;16.09.2026;53,1;0;-;-
Sola;SN44560;16.09.2026;11,1;-;12,7;10,7
Sviland;SN44800;17.09.2026;7;0;-;-
Sola;SN44560;17.09.2026;3;-;12,2;7,4
Sviland;SN44800;18.09.2026;18,1;0;-;-
Sola;SN44560;18.09.2026;9,7;-;13,1;10,1
Sviland;SN44800;19.09.2026;23;0;-;-
Sola;SN44560;19.09.2026;11,7;-;14,5;10,2
Sviland;SN44800;20.09.2026;13,4;0;-;-
Sola;SN44560;20.09.2026;5,7;-;13;14,4
Sviland;SN44800;21.09.2026;5,3;0;-;-
Sola;SN44560;21.09.2026;5,5;-;11,8;14,4
Sviland;SN44800;22.09.2026;0;0;-;-
Sola;SN44560;22.09.2026;0,2;-;13;6,1
Sviland;SN44800;23.09.2026;0,1;0;-;-
Sola;SN44560;23.09.2026;0,2;-;13,7;10,9
Sviland;SN44800;24.09.2026;32;0;-;-
Sola;SN44560;24.09.2026;23,6;-;11,9;11,6
Sviland;SN44800;25.09.2026;0;0;-;-
Sola;SN44560;25.09.2026;0,2;-;11,9;7,5
Sviland;SN44800;26.09.2026;6,2;0;-;-
Sola;SN44560;26.09.2026;1,7;-;12,3;8,5
Sviland;SN44800;27.09.2026;0,7;0;-;-
Sola;SN44560;27.09.2026;0,4;-;14,9;12,2
Sviland;SN44800;28.09.2026;6,4;0;-;-
Sola;SN44560;28.09.2026;3,8;-;13,4;12,1
Sviland;SN44800;29.09.2026;0,1;0;-;-
Sola;SN44560;29.09.2026;0;-;12,4;4,9
Sviland;SN44800;30.09.2026;0;0;-;-
Sola;SN44560;30.09.2026;0;-;19,3;14,9
Sviland;SN44800;01.10.2026;0;0;-;-
Sola;SN44560;01.10.2026;0;-;16,9;13,9
Sviland;SN44800;02.10.2026;8,5;0;-;-
Sola;SN44560;02.10.2026;9,1;-;13,9;7,3
Sviland;SN44800;03.10.2026;15,6;0;-;-
Sola;SN44560;03.10.2026;4,7;-;13,6;8,8
Sviland;SN44800;04.10.2026;0,3;0;-;-
Sola;SN44560;04.10.2026;4,5;-;12,5;10,2
Sviland;SN44800;05.10.2026;69;0;-;-
Sola;SN44560;05.10.2026;44,2;-;-;8,7
Data er gyldig per 05.10.2026 (CC BY 4.0), Meteorologisk institutt (MET);;;;;;